10,004,01,000,0000,1,楊敬賜,1,1,,61,,碩士,N,*, 
10,004,01,000,0000,2,林群森,999,1,,43,,大學,N, , 
10,004,01,000,0000,3,陳見賢,1,1,,53,,專科,Y,*, 
10,004,01,000,0000,4,杜文中,1,1,,47,,碩士,N, , 
10,004,01,000,0000,5,林為洲,1,1,,53,,大學,Y,*, 
10,004,01,000,0000,6,蘇明輝,999,1,,61,,高中,Y,*, 
10,004,01,000,0000,7,郭鴻德,16,1,,51,,碩士,N, , 
10,004,01,000,0000,8,葉芬英,16,2,,51,,高中,Y,*, 
10,004,01,000,0000,9,傅文忠,1,1,,42,,高中,N, , 
10,004,01,000,0000,10,蔡志環,1,2,,55,,碩士,N, , 
10,004,01,000,0000,11,鄭美琴,999,2,,60,,高中,Y,*, 
10,004,01,000,0000,12,高偉凱,15,1,,42,,碩士,Y,*, 
10,004,01,000,0000,13,邱靖雅,999,2,,41,,碩士,N,*, 
10,004,01,000,0000,14,陳凱榮,1,1,,51,,大學,N,*, 
10,004,01,000,0000,15,林保光,1,1,,53,,大學,Y,*, 
10,004,02,000,0000,1,吳菊花,1,2,,54,,其他,Y,*, 
10,004,02,000,0000,2,甄克堅,1,1,,44,,碩士,N, , 
10,004,02,000,0000,3,吳淑君,1,2,,42,,其他,Y,*, 
10,004,02,000,0000,4,黃永傳,1,1,,69,,高中,Y,*, 
10,004,02,000,0000,5,陳栢維,999,1,,49,,碩士,Y,*, 
10,004,02,000,0000,6,張春鳳,999,2,,60,,高中,N,*, 
10,004,03,000,0000,1,鄭清漢,1,1,,55,,高中,Y,*, 
10,004,03,000,0000,2,羅春蘭,999,2,,52,,高中,N,!, 
10,004,03,000,0000,3,黃金樓,1,1,,49,,大學,Y,-0, 
10,004,03,000,0000,4,張鎮榮,1,1,,61,,高中,N,*, 
10,004,03,000,0000,5,吳寀璇,16,2,,53,,高中,Y, , 
10,004,03,000,0000,6,吳傳地,16,1,,50,,大學,N,*, 
10,004,03,000,0000,7,陳林金玉,999,2,,56,,大學,N, , 
10,004,04,000,0000,1,陳玉蟾,999,2,,56,,大學,N, , 
10,004,04,000,0000,2,劉良彬,1,1,,54,,大學,Y,*, 
10,004,04,000,0000,3,嚴永秋,999,1,,65,,高中,Y,*, 
10,004,04,000,0000,4,羅吉燾,999,1,,66,,高中,N, , 
10,004,05,000,0000,1,楊連湧,999,1,,70,,其他,N, , 
10,004,05,000,0000,2,范曰富,1,1,,53,,專科,N,*, 
10,004,05,000,0000,3,賴江海,1,1,,56,,專科,N,*, 
10,004,05,000,0000,4,張玟源,999,1,,52,,專科,N, , 
10,004,06,000,0000,1,張志弘,1,1,,55,,碩士,Y,*, 
10,004,06,000,0000,2,温文結,999,1,,66,,其他,N, , 
10,004,06,000,0000,3,蔡維邦,999,1,,74,,大學,N, , 
10,004,07,000,0000,1,林政良,1,1,,62,,專科,Y,*, 
10,004,08,000,0000,1,林昭錡,16,1,,54,,大學,N, , 
10,004,08,000,0000,2,羅吉祥,1,1,,57,,專科,Y,*, 
10,004,08,000,0000,3,彭余美玲,999,2,,51,,專科,N,*, 
10,004,08,000,0000,4,周江杰,79,1,,34,,碩士,N,*, 
10,004,08,000,0000,5,黃秀龍,999,1,,54,,高中,N, , 
10,004,08,000,0000,6,郭遠彰,1,1,,54,,碩士,Y,*, 
10,004,08,000,0000,7,彭怡君,999,2,,25,,大學,N, , 
10,004,08,000,0000,8,上官秋燕,1,2,,57,,高中,Y, , 
10,004,08,000,0000,9,吳勝松,1,1,,57,,高中,Y,*, 
10,004,08,000,0000,10,林思銘,1,1,,48,,大學,Y,*, 
10,004,08,000,0000,11,劉珈愷,1,1,,53,,專科,N, , 
10,004,09,000,0000,1,邱振瑋,999,1,,39,,碩士,Y,*, 
10,004,10,000,0000,1,陳正順,1,1,,59,,高中,Y,*, 
10,004,10,000,0000,2,彭紹松,999,1,,61,,高中,N, , 
10,004,10,000,0000,3,彭進添,999,1,,49,,專科,N, , 
10,005,01,000,0000,1,禹耀東,1,1,,55,,碩士,Y,*, 
10,005,01,000,0000,2,謝文禓,999,1,,39,,大學,N,*, 
10,005,01,000,0000,3,涂月華,999,2,,45,,專科,N, , 
10,005,01,000,0000,4,傅學煥,999,1,,57,,專科,Y, , 
10,005,01,000,0000,5,陳建成,999,1,,37,,大學,N, , 
10,005,01,000,0000,6,鄭碧玉,1,2,,58,,高中,Y,*, 
10,005,01,000,0000,7,呂明亮,999,1,,56,,高中,N,*, 
10,005,01,000,0000,8,謝雷,999,1,,55,,高中,N, , 
10,005,01,000,0000,9,張志宇,1,1,,38,,碩士,N,*, 
10,005,01,000,0000,10,邱鎮軍,999,1,,42,,高中,N,*, 
10,005,01,000,0000,11,湯維岳,999,1,,66,,高中,N,*, 
10,005,01,000,0000,12,詹運喜,16,1,,52,,大學,Y, , 
10,005,01,000,0000,13,許櫻萍,16,2,,38,,專科,N,*, 
10,005,01,000,0000,14,胡忠勇,999,1,,71,,其他,Y, , 
10,005,01,000,0000,15,孫素娥,1,2,,60,,高中,Y,*, 
10,005,01,000,0000,16,徐集明,1,1,,44,,高中,N, , 
10,005,02,000,0000,1,羅貴星,16,1,,52,,碩士,N, , 
10,005,02,000,0000,2,黎旭欽,1,1,,71,,高中,Y,*, 
10,005,02,000,0000,3,謝文俊,999,1,,58,,其他,N, , 
10,005,02,000,0000,4,張家靜,1,2,,54,,高中,Y,*, 
10,005,02,000,0000,5,韓茂賢,1,1,,61,,高中,Y,*, 
10,005,03,000,0000,1,李聰祥,999,1,,55,,其他,Y,*, 
10,005,03,000,0000,2,邱紹俊,999,1,,69,,高中,Y,*, 
10,005,03,000,0000,3,張太陽,999,1,,60,,其他,Y, , 
10,005,03,000,0000,4,周玉滿,999,2,,52,,專科,N,*, 
10,005,03,000,0000,5,劉秋東,1,1,,50,,專科,Y,*, 
10,005,03,000,0000,6,呂木鈿,1,1,,62,,高中,N, , 
10,005,03,000,0000,7,劉寶鈴,999,2,,45,,高中,Y,*, 
10,005,04,000,0000,1,陳明朝,1,1,,62,,專科,Y,*, 
10,005,04,000,0000,2,林寶珠,1,2,,63,,高中,Y,*, 
10,005,04,000,0000,3,翁寶桂,999,2,,48,,博士,N, , 
10,005,04,000,0000,4,劉順松,16,1,,61,,專科,N, , 
10,005,04,000,0000,5,林一方,259,1,,49,,其他,N, , 
10,005,04,000,0000,6,謝芳紋,16,2,,39,,大學,Y,*, 
10,005,04,000,0000,7,黃聲全,999,1,,62,,專科,N,*, 
10,005,04,000,0000,8,蕭國清,999,1,,44,,專科,N, , 
10,005,04,000,0000,9,廖英利,1,2,,61,,專科,N,*, 
10,005,04,000,0000,10,連森裕,999,1,,46,,碩士,N, , 
10,005,04,000,0000,11,陳沅榜,999,1,,25,,高中,N, , 
10,005,04,000,0000,12,謝端容,999,2,,57,,碩士,Y,*, 
10,005,04,000,0000,13,林洧鋅,999,1,,40,,專科,N, , 
10,005,04,000,0000,14,鄭秋風,1,1,,56,,大學,Y,*, 
10,005,04,000,0000,15,陳碧華,1,2,,60,,碩士,Y,*, 
10,005,04,000,0000,16,李文斌,1,1,,41,,專科,Y,*, 
10,005,05,000,0000,1,游忠鈿,1,1,,60,,大學,Y,*, 
10,005,05,000,0000,2,陳永賢,1,1,,58,,高中,Y,*, 
10,005,05,000,0000,3,羅雪珠,999,2,,56,,專科,Y,*, 
10,005,05,000,0000,4,陳漢清,1,1,,37,,大學,N,*, 
10,005,05,000,0000,5,陳光軒,16,1,,29,,大學,N,*, 
10,005,05,000,0000,6,邱秋琴,999,2,,56,,高中,Y,*, 
10,005,05,000,0000,7,張淑芬,999,2,,42,,專科,N, , 
10,005,05,000,0000,8,鍾東錦,999,1,,51,,高中,N,*, 
10,005,05,000,0000,9,彭宇綸,999,1,,61,,大學,N, , 
10,005,05,000,0000,10,李貴富,16,1,,44,,大學,Y, , 
10,005,05,000,0000,11,鍾福貴,1,1,,52,,碩士,Y, , 
10,005,06,000,0000,1,陳春暖,16,2,,50,,其他,N,*, 
10,005,06,000,0000,2,楊慶汶,999,1,,63,,其他,Y, , 
10,005,06,000,0000,3,楊恭林,999,1,,53,,高中,Y,*, 
10,005,06,000,0000,4,徐欽鴻,999,1,,58,,高中,Y,*, 
10,007,01,000,0000,1,林世賢,16,1,,55,,專科,N,*, 
10,007,01,000,0000,2,許原龍,1,1,,52,,其他,Y,*, 
10,007,01,000,0000,3,唐鎮林,1,1,,72,,專科,Y, , 
10,007,01,000,0000,4,白玉如,1,2,,46,,大學,N,*, 
10,007,01,000,0000,5,黄育寬,16,1,,58,,專科,Y,*, 
10,007,01,000,0000,6,黃秀芳,16,2,,43,,大學,Y,*, 
10,007,01,000,0000,7,陳蔣秀美,1,2,,53,,大學,N,*, 
10,007,01,000,0000,8,吳俊緯,999,1,,34,,專科,N, , 
10,007,01,000,0000,9,葉孟家,16,1,,37,,碩士,N, , 
10,007,01,000,0000,10,張東正,999,1,,45,,碩士,Y,*, 
10,007,01,000,0000,11,林茂明,999,1,,56,,高中,Y,*, 
10,007,01,000,0000,12,楊經國,999,1,,52,,專科,N, , 
10,007,01,000,0000,13,張瀚天,999,1,,46,,其他,N,*, 
10,007,01,000,0000,14,林維浩,16,1,,45,,碩士,Y, , 
10,007,01,000,0000,15,黃千宴,1,2,,41,,碩士,Y, , 
10,007,01,000,0000,16,顧文東,999,1,,49,,高中,N, , 
10,007,01,000,0000,17,陳俊佑,999,1,,28,,大學,N, , 
10,007,01,000,0000,18,黄玉芬,999,2,,32,,碩士,N,*, 
10,007,01,000,0000,19,賴岸璋,16,1,,50,,碩士,Y,*, 
10,007,01,000,0000,20,陳冠鴻,999,1,,48,,專科,N, , 
10,007,01,000,0000,21,曾世勇,1,1,,54,,碩士,Y,*, 
10,007,01,000,0000,22,王文東,95,1,,56,,高中,N, , 
10,007,01,000,0000,23,顧黃水花,1,2,,61,,其他,Y,*, 
10,007,02,000,0000,1,楊竣程,1,1,,38,,高中,Y, , 
10,007,02,000,0000,2,粘勝傑,999,1,,50,,碩士,N, , 
10,007,02,000,0000,3,陳秀寳,16,2,,42,,大學,Y,*, 
10,007,02,000,0000,4,施性鍾,1,1,,62,,其他,N,*, 
10,007,02,000,0000,5,葉國雄,16,1,,48,,高中,N,*, 
10,007,02,000,0000,6,林士堅,16,1,,44,,大學,N,*, 
10,007,02,000,0000,7,鄭敬議,999,1,,40,,專科,N, , 
10,007,02,000,0000,8,林聖哲,1,1,,61,,高中,Y,*, 
10,007,02,000,0000,9,凃淑媚,1,2,,50,,專科,Y,*, 
10,007,02,000,0000,10,郭國賓,999,1,,48,,其他,N,*, 
10,007,03,000,0000,1,賴清美,16,2,,52,,高中,Y,*, 
10,007,03,000,0000,2,蕭文雄,1,1,,56,,其他,N,*, 
10,007,03,000,0000,3,林宗翰,999,1,,45,,高中,N,*, 
10,007,03,000,0000,4,王國忠,16,1,,52,,高中,N, , 
10,007,03,000,0000,5,尤瑞春,16,2,,52,,大學,Y,*, 
10,007,03,000,0000,6,黃寶隆,999,1,,53,,其他,Y, , 
10,007,03,000,0000,7,陳錦玉,1,2,,61,,其他,Y, , 
10,007,03,000,0000,8,柯振杯,1,1,,54,,其他,Y,*, 
10,007,03,000,0000,9,林庚壬,1,1,,52,,高中,N,*, 
10,007,04,000,0000,1,黃正盛,1,1,,36,,高中,N,*, 
10,007,04,000,0000,2,彭國成,16,1,,58,,其他,N, , 
10,007,04,000,0000,3,葉麗娟,1,2,,59,,高中,Y,*, 
10,007,04,000,0000,4,江瑞演,16,1,,61,,高中,Y, , 
10,007,04,000,0000,5,張仁城,1,1,,53,,專科,N, , 
10,007,04,000,0000,6,游振雄,1,1,,52,,專科,Y,*, 
10,007,04,000,0000,7,劉惠娟,1,2,,42,,碩士,N,*, 
10,007,04,000,0000,8,張素芬,999,2,,55,,高中,N, , 
10,007,04,000,0000,9,張雪如,999,2,,48,,大學,Y,*, 
10,007,04,000,0000,10,曹嘉豪,1,1,,33,,專科,N,*, 
10,007,04,000,0000,11,邱方銘,999,1,,53,,高中,N, , 
10,007,04,000,0000,12,陳秋蓉,16,2,,48,,專科,N,*, 
10,007,04,000,0000,13,凃俊任,1,1,,36,,碩士,N, , 
10,007,04,000,0000,14,賴澤民,16,1,,30,,大學,N,*, 
10,007,05,000,0000,1,蔡福祿,1,1,,49,,大學,N, , 
10,007,05,000,0000,2,張永泉,999,1,,58,,其他,Y,*, 
10,007,05,000,0000,3,李清木,16,1,,42,,高中,N,*, 
10,007,05,000,0000,4,楊淑鳯,1,2,,56,,高中,N, , 
10,007,05,000,0000,5,張春洋,999,1,,54,,其他,N, , 
10,007,05,000,0000,6,歐陽蓁珠,16,2,,58,,高中,Y,*, 
10,007,05,000,0000,7,陳文漢,1,1,,52,,碩士,N,*, 
10,007,05,000,0000,8,陳重嘉,999,1,,33,,大學,Y,*, 
10,007,06,000,0000,1,劉景滄,999,1,,44,,高中,N,*, 
10,007,06,000,0000,2,許書維,16,1,,41,,專科,N,*, 
10,007,06,000,0000,3,鄭俊雄,1,1,,53,,碩士,N,-0, 
10,007,06,000,0000,4,蕭淑芬,999,2,,46,,專科,Y,!, 
10,007,06,000,0000,5,蕭如意,1,1,,59,,高中,N,*, 
10,007,06,000,0000,6,蕭智程,16,1,,50,,碩士,N, , 
10,007,06,000,0000,7,陳正忠,999,1,,43,,高中,N, , 
10,007,07,000,0000,1,謝典霖,1,1,,35,,碩士,Y,*, 
10,007,07,000,0000,2,劉淑芳,1,2,,55,,碩士,Y,*, 
10,007,07,000,0000,3,李俊諭,16,1,,56,,專科,Y,*, 
10,007,07,000,0000,4,洪見洲,999,1,,81,,專科,N, , 
10,007,07,000,0000,5,李浩誠,1,1,,41,,大學,Y,*, 
10,007,07,000,0000,6,江熊一楓,16,2,,62,,大學,Y,*, 
10,007,08,000,0000,1,吳淑娟,999,2,,59,,高中,Y,*, 
10,007,08,000,0000,2,洪遊江,190,1,,56,,專科,N, , 
10,007,08,000,0000,3,蔡金蓮,999,2,,59,,高中,N, , 
10,007,08,000,0000,4,謝彥慧,1,2,,40,,碩士,N,*, 
10,007,08,000,0000,5,陳光輝,999,1,,59,,高中,N,*, 
10,007,08,000,0000,6,林清彬,999,1,,53,,高中,N, , 
10,007,08,000,0000,7,洪宗熠,16,1,,45,,碩士,Y,*, 
10,007,08,000,0000,8,陳一惇,1,1,,39,,大學,Y,*, 
10,008,01,000,0000,1,李添興,999,1,,59,,其他,Y, , 
10,008,01,000,0000,2,劉宜成,1,1,,52,,專科,N, , 
10,008,01,000,0000,3,洪明科,999,1,,43,,專科,N,*, 
10,008,01,000,0000,4,莊文斌,1,1,,58,,高中,Y,*, 
10,008,01,000,0000,5,林憶如,1,2,,38,,碩士,Y, , 
10,008,01,000,0000,6,張維華,1,1,,43,,碩士,N,*, 
10,008,01,000,0000,7,羅美玲,999,2,,45,,碩士,N,*, 
10,008,01,000,0000,8,于秀英,999,2,,49,,其他,Y,*, 
10,008,01,000,0000,9,曾振炎,1,1,,53,,高中,N,*, 
10,008,01,000,0000,10,洪志杰,999,1,,42,,大學,N, , 
10,008,01,000,0000,11,王永慶,169,1,,52,,高中,N, , 
10,008,01,000,0000,12,賴燕雪,16,2,,50,,碩士,Y,*, 
10,008,01,000,0000,13,陳翰立,16,1,,35,,其他,Y,*, 
10,008,01,000,0000,14,張龍木,999,1,,44,,高中,N, , 
10,008,01,000,0000,15,游宏達,999,1,,45,,高中,Y,*, 
10,008,01,000,0000,16,蕭文進,95,1,,51,,高中,N, , 
10,008,01,000,0000,17,蔡宗智,999,1,,35,,專科,N,*, 
10,008,02,000,0000,1,陳國大,999,1,,60,,碩士,N, , 
10,008,02,000,0000,2,洪盛雄,999,1,,72,,高中,N,-0, 
10,008,02,000,0000,3,簡景賢,1,1,,54,,高中,Y,*, 
10,008,02,000,0000,4,黃文君,999,2,,47,,專科,N,!, 
10,008,02,000,0000,5,侯嘉芳,999,2,,32,,高中,N, , 
10,008,02,000,0000,6,莊清南,1,1,,56,,大學,N, , 
10,008,02,000,0000,7,廖宜賢,1,1,,64,,高中,Y,*, 
10,008,02,000,0000,8,賴忠政,999,1,,52,,高中,N, , 
10,008,02,000,0000,9,林永鴻,16,1,,44,,碩士,Y,*, 
10,008,02,000,0000,10,廖梓佑,16,2,,55,,大學,Y,*, 
10,008,02,000,0000,11,簡峻庭,999,1,,61,,專科,N,*, 
10,008,02,000,0000,12,簡賜勝,999,1,,47,,高中,N,*, 
10,008,02,000,0000,13,李銀滄,999,1,,58,,碩士,N, , 
10,008,02,000,0000,14,李洲忠,1,1,,51,,專科,N,*, 
10,008,02,000,0000,15,簡献清,999,1,,64,,專科,N, , 
10,008,02,000,0000,16,吳瑞耀,999,1,,64,,碩士,N, , 
10,008,03,000,0000,1,蕭志全,1,1,,51,,高中,N,*, 
10,008,03,000,0000,2,陳淑惠,1,2,,56,,專科,Y,*, 
10,008,03,000,0000,3,謝明謀,1,1,,64,,專科,Y,*, 
10,008,03,000,0000,4,楊孟學,999,1,,29,,高中,N, , 
10,008,03,000,0000,5,陳昭煜,16,1,,52,,碩士,Y,*, 
10,008,04,000,0000,1,許耿禎,999,1,,35,,碩士,N, , 
10,008,04,000,0000,2,林育正,999,1,,63,,高中,N, , 
10,008,04,000,0000,3,林明輝,999,1,,55,,專科,N, , 
10,008,04,000,0000,4,蔡宜助,1,1,,35,,大學,Y,*, 
10,008,04,000,0000,5,許素霞,1,2,,50,,專科,Y,*, 
10,008,04,000,0000,6,蔡孟娥,999,2,,46,,高中,N, , 
10,008,04,000,0000,7,何勝豐,1,1,,57,,其他,Y,*, 
10,008,04,000,0000,8,游顥,1,1,,31,,碩士,N, , 
10,008,04,000,0000,9,張志銘,16,1,,51,,大學,N,*, 
10,008,04,000,0000,10,吳瑞芳,999,2,,57,,高中,Y,*, 
10,008,05,000,0000,1,林芳伃,1,2,,52,,碩士,N,*, 
10,008,05,000,0000,2,黃志學,1,1,,67,,專科,Y, , 
10,008,05,000,0000,3,陳永來,999,1,,53,,高中,N, , 
10,008,05,000,0000,4,吳國昌,999,1,,59,,其他,Y,*, 
10,008,05,000,0000,5,潘淑玫,999,2,,44,,高中,N, , 
10,008,05,000,0000,6,廖志城,16,1,,52,,高中,Y,*, 
10,008,05,000,0000,7,邱美玲,1,2,,43,,高中,N,*, 
10,008,05,000,0000,8,許阿甘,16,2,,68,,高中,Y,*, 
10,008,05,000,0000,9,曾明雪,999,2,,46,,其他,N, , 
10,008,05,000,0000,10,潘一全,1,1,,44,,大學,Y,*, 
10,008,05,000,0000,11,王彩雲,1,2,,52,,專科,Y,*, 
10,009,01,000,0000,1,鍾明馨,999,1,,48,,其他,N,*, 
10,009,01,000,0000,2,李建昇,16,1,,54,,碩士,Y,*, 
10,009,01,000,0000,3,王又民,1,1,,40,,碩士,Y,*, 
10,009,01,000,0000,4,蘇于珊,1,2,,55,,其他,N, , 
10,009,01,000,0000,5,黃耀煌,16,1,,52,,碩士,Y, , 
10,009,01,000,0000,6,賴淑娞,1,2,,52,,碩士,Y,*, 
10,009,01,000,0000,7,周秀月,16,2,,58,,碩士,Y,*, 
10,009,01,000,0000,8,林政亨,95,1,,42,,碩士,N, , 
10,009,01,000,0000,9,林岳璋,999,1,,43,,專科,N,*, 
10,009,01,000,0000,10,邱世文,999,1,,48,,高中,N, , 
10,009,01,000,0000,11,林聖爵,1,1,,38,,大學,N,*, 
10,009,01,000,0000,12,張凱甯,999,2,,44,,高中,N, , 
10,009,01,000,0000,13,江文登,16,1,,43,,高中,Y,*, 
10,009,01,000,0000,14,李建志,999,1,,45,,碩士,Y,*, 
10,009,02,000,0000,1,吳滄得,16,1,,62,,其他,N,*, 
10,009,02,000,0000,2,沈銘恭,999,1,,48,,專科,Y, , 
10,009,02,000,0000,3,王國勝,999,1,,44,,專科,N, , 
10,009,02,000,0000,4,蔡東富,999,1,,55,,其他,Y,*, 
10,009,02,000,0000,5,簡慈坊,999,2,,33,,大學,Y,*, 
10,009,02,000,0000,6,林樹山,16,1,,55,,大學,N, , 
10,009,02,000,0000,7,林育鳳,999,2,,49,,大學,N, , 
10,009,02,000,0000,8,陳樹吉,999,1,,58,,高中,Y,*, 
10,009,02,000,0000,9,賴明源,999,1,,50,,其他,N,*, 
10,009,02,000,0000,10,李長發,16,1,,62,,專科,N, , 
10,009,02,000,0000,11,王秋足,1,2,,60,,高中,Y,*, 
10,009,03,000,0000,1,張麗華,999,2,,58,,高中,N, , 
10,009,03,000,0000,2,黃凱,999,1,,40,,高中,Y,*, 
10,009,03,000,0000,3,吳爾夫,16,1,,41,,碩士,N, , 
10,009,03,000,0000,4,沈宗隆,1,1,,55,,高中,Y,*, 
10,009,03,000,0000,5,謝翠蓮,1,2,,66,,高中,Y, , 
10,009,03,000,0000,6,王士壬,95,1,,62,,高中,Y,*, 
10,009,03,000,0000,7,黃鈺惠,999,2,,50,,專科,N,*, 
10,009,03,000,0000,8,顏旭懋,16,1,,39,,高中,N,*, 
10,009,03,000,0000,9,陳茂源,999,1,,44,,其他,N,*, 
10,009,03,000,0000,10,陳瑞雄,1,1,,53,,高中,Y,*, 
10,009,03,000,0000,11,陳乙辰,999,1,,27,,大學,N, , 
10,009,03,000,0000,12,許維修,999,1,,38,,碩士,N, , 
10,009,03,000,0000,13,李錫銘,95,1,,53,,專科,N, , 
10,009,03,000,0000,14,蔡秋敏,16,2,,53,,大學,Y,*, 
10,009,03,000,0000,15,陳俊龍,999,1,,45,,碩士,Y,*, 
10,009,03,000,0000,16,林新丁,16,1,,62,,碩士,N, , 
10,009,03,000,0000,17,沈義隆,999,1,,40,,專科,N, , 
10,009,04,000,0000,1,廖朝魁,999,1,,56,,高中,N, , 
10,009,04,000,0000,2,林丁財,999,1,,49,,其他,N, , 
10,009,04,000,0000,3,廖清祥,16,1,,48,,碩士,Y, , 
10,009,04,000,0000,4,廖錦珠,999,2,,57,,高中,Y,*, 
10,009,04,000,0000,5,梁銘忠,999,1,,48,,高中,N,*, 
10,009,04,000,0000,6,李權展,999,1,,45,,高中,N, , 
10,009,04,000,0000,7,廖秋萍,16,2,,37,,大學,Y,*, 
10,009,04,000,0000,8,蕭澤梧,16,1,,56,,專科,N,*, 
10,009,04,000,0000,9,李明哲,1,1,,46,,碩士,Y,*, 
10,009,04,000,0000,10,王鐵道,999,1,,63,,大學,Y,*, 
10,009,05,000,0000,1,林建鴻,999,1,,49,,專科,Y,*, 
10,009,05,000,0000,2,李培元,999,1,,51,,高中,N,*, 
10,009,05,000,0000,3,蘇俊豪,999,1,,39,,碩士,N,*, 
10,009,05,000,0000,4,林木城,999,1,,58,,其他,N, , 
10,009,05,000,0000,5,張健福,16,1,,44,,其他,N,*, 
10,009,05,000,0000,6,王清貴,1,1,,74,,其他,Y, , 
10,009,05,000,0000,7,黃淑鈴,16,2,,53,,高中,N,*, 
10,009,05,000,0000,8,張素蘭,999,2,,58,,高中,Y, , 
10,009,05,000,0000,9,林深,999,1,,56,,碩士,Y,*, 
10,009,05,000,0000,10,鄭東來,16,1,,59,,碩士,Y, , 
10,009,05,000,0000,11,許志豪,16,1,,41,,高中,N,*, 
10,009,06,000,0000,1,蔡岳儒,16,1,,39,,大學,Y,*, 
10,009,06,000,0000,2,翁水上,999,1,,59,,其他,Y,*, 
10,009,06,000,0000,3,王新堯,999,1,,43,,高中,N, , 
10,009,06,000,0000,4,林哲凌,16,1,,50,,大學,Y,*, 
10,009,06,000,0000,5,黃文祥,999,1,,51,,專科,Y,*, 
10,009,06,000,0000,6,黃勝賢,999,1,,47,,其他,N,*, 
10,009,06,000,0000,7,蔡孟真,999,2,,37,,大學,Y,*, 
10,009,06,000,0000,8,蕭慧敏,999,2,,54,,專科,N, , 
10,010,01,000,0000,1,王啓澧,1,1,,50,,大學,N,*, 
10,010,01,000,0000,2,董國誠,999,1,,53,,大學,N,*, 
10,010,01,000,0000,3,林沐惠,16,1,,56,,大學,N,*, 
10,010,01,000,0000,4,詹琬蓁,999,2,,37,,大學,N,*, 
10,010,01,000,0000,5,陳瑞霖,16,1,,56,,專科,N, , 
10,010,01,000,0000,6,戴光宗,16,1,,38,,高中,N,*, 
10,010,01,000,0000,7,林緗亭,16,2,,32,,碩士,N,*, 
10,010,01,000,0000,8,林寶瓶,1,1,,60,,高中,Y,*, 
10,010,01,000,0000,9,吳忠原,999,1,,49,,專科,N, , 
10,010,02,000,0000,1,陳文忠,999,1,,50,,碩士,N,*, 
10,010,02,000,0000,2,林于玲,1,2,,51,,大學,Y,*, 
10,010,02,000,0000,3,林山景,95,1,,63,,高中,N, , 
10,010,02,000,0000,4,黃嘉寬,16,1,,59,,高中,Y, , 
10,010,02,000,0000,5,黃芳蘭,999,2,,52,,大學,N,*, 
10,010,02,000,0000,6,葉孟龍,16,1,,33,,大學,Y,*, 
10,010,02,000,0000,7,賴朝崙,999,1,,59,,高中,Y,*, 
10,010,02,000,0000,8,陳福成,999,1,,56,,大學,N,*, 
10,010,02,000,0000,9,馬瑞駿,999,1,,52,,其他,N, , 
10,010,02,000,0000,10,林秀琴,16,2,,61,,其他,Y,*, 
10,010,03,000,0000,1,陳保仁,1,1,,58,,高中,Y,*, 
10,010,03,000,0000,2,簡泰河,90,1,,60,,大學,N, , 
10,010,03,000,0000,3,詹金繪,16,2,,57,,高中,Y,*, 
10,010,03,000,0000,4,葉和平,16,1,,65,,其他,Y,*, 
10,010,03,000,0000,5,吳思蓉,1,2,,57,,大學,Y,*, 
10,010,03,000,0000,6,郭芳宜,16,1,,55,,其他,Y,*, 
10,010,03,000,0000,7,何佳容,999,2,,61,,其他,N, , 
10,010,04,000,0000,1,李國勝,1,1,,49,,專科,Y,*, 
10,010,04,000,0000,2,黃嫈珺,16,2,,31,,大學,Y,*, 
10,010,04,000,0000,3,龔昆池,999,1,,65,,大學,N, , 
10,010,04,000,0000,4,黃錦成,16,1,,53,,大學,N,*, 
10,010,04,000,0000,5,陳永法,1,1,,52,,專科,Y, , 
10,010,04,000,0000,6,蔡鼎三,16,1,,53,,專科,Y,*, 
10,010,04,000,0000,7,陳怡岳,16,1,,40,,碩士,Y,*, 
10,010,04,000,0000,8,姜梅紅,999,2,,63,,高中,N,*, 
10,010,04,000,0000,9,蔡奇璋,1,1,,54,,大學,Y,*, 
10,010,05,000,0000,1,黃金茂,1,1,,59,,高中,N,*, 
10,010,05,000,0000,2,蔡瑋傑,16,1,,36,,大學,N,*, 
10,010,05,000,0000,3,翁聰賢,16,1,,42,,碩士,Y, , 
10,010,05,000,0000,4,蔡信典,999,1,,60,,大學,N,*, 
10,010,06,000,0000,1,羅士洋,16,1,,55,,高中,Y,*, 
10,010,06,000,0000,2,詹黃素蓮,1,2,,61,,大學,Y,*, 
10,010,06,000,0000,3,張明達,16,1,,54,,碩士,Y,*, 
10,010,06,000,0000,4,何子凡,999,1,,33,,碩士,N,*, 
10,010,06,000,0000,5,曾亮哲,16,1,,45,,專科,Y,*, 
10,010,06,000,0000,6,陳柏麟,16,1,,44,,碩士,Y,*, 
10,010,06,000,0000,7,張貴忠,16,1,,63,,其他,N,*, 
10,013,01,000,0000,1,蔣月惠,999,2,,55,,專科,N,*, 
10,013,01,000,0000,2,鍾明輝,16,1,,59,,大學,N,*, 
10,013,01,000,0000,3,李幸惠,999,2,,39,,專科,N, , 
10,013,01,000,0000,4,張平原,999,1,,49,,其他,N,*, 
10,013,01,000,0000,5,施蘇貴美,999,2,,76,,高中,N, , 
10,013,01,000,0000,6,蘇義峰,16,1,,57,,高中,Y,*, 
10,013,01,000,0000,7,蔣家煌,999,1,,52,,高中,Y,*, 
10,013,01,000,0000,8,唐玉琴,1,2,,59,,大學,Y,*, 
10,013,01,000,0000,9,林明順,999,1,,60,,高中,Y,*, 
10,013,01,000,0000,10,李世斌,16,1,,52,,碩士,Y,*, 
10,013,01,000,0000,11,鍾淑娟,16,2,,49,,高中,N, , 
10,013,01,000,0000,12,楊子鵬,90,1,,66,,高中,N, , 
10,013,01,000,0000,13,陳進富,999,1,,52,,其他,N, , 
10,013,01,000,0000,14,郭姿伶,1,2,,37,,碩士,N, , 
10,013,01,000,0000,15,王偉華,1,1,,52,,碩士,N, , 
10,013,01,000,0000,16,劉育豪,16,1,,47,,碩士,Y,*, 
10,013,01,000,0000,17,張金文,999,1,,55,,其他,Y,*, 
10,013,01,000,0000,18,黃國安,1,1,,59,,高中,Y,*, 
10,013,01,000,0000,19,陳美瓊,1,2,,55,,高中,Y,*, 
10,013,01,000,0000,20,王勤毅,999,1,,30,,高中,N, , 
10,013,01,000,0000,21,賀育寒,1,2,,55,,大學,N, , 
10,013,02,000,0000,1,江維屏,16,1,,50,,高中,Y,*, 
10,013,02,000,0000,2,王景山,1,1,,51,,大學,Y, , 
10,013,02,000,0000,3,陳芳琍,16,2,,46,,大學,N,*, 
10,013,02,000,0000,4,吳亮慶,16,1,,60,,其他,Y,*, 
10,013,02,000,0000,5,何春美,1,2,,60,,大學,Y, , 
10,013,02,000,0000,6,盧文瑞,999,1,,56,,其他,N,*, 
10,013,02,000,0000,7,宋麗華,1,2,,46,,碩士,Y,*, 
10,013,02,000,0000,8,陳明達,16,1,,51,,碩士,N,*, 
10,013,02,000,0000,9,盧靖雯,999,2,,30,,其他,N, , 
10,013,02,000,0000,10,鄭雙銓,1,1,,52,,碩士,N,*, 
10,013,02,000,0000,11,羅緹瀅,16,2,,38,,碩士,N, , 
10,013,02,000,0000,12,尤慶賀,999,1,,54,,大學,Y,*, 
10,013,03,000,0000,1,陳志成,999,1,,51,,專科,N,*, 
10,013,03,000,0000,2,王志豐,1,1,,52,,大學,Y,*, 
10,013,03,000,0000,3,劉淼松,1,1,,48,,高中,Y,*, 
10,013,03,000,0000,4,徐榮耀,1,1,,62,,高中,Y,*, 
10,013,03,000,0000,5,潘長成,95,1,,49,,高中,Y,*, 
10,013,03,000,0000,6,曾喜城,999,1,,65,,碩士,N, , 
10,013,03,000,0000,7,廖秀琴,16,2,,58,,專科,N, , 
10,013,03,000,0000,8,曾彥屏,16,1,,41,,大學,N, , 
10,013,03,000,0000,9,黃建溢,16,1,,33,,碩士,N,*, 
10,013,03,000,0000,10,林郁虹,1,2,,52,,碩士,Y,*, 
10,013,03,000,0000,11,許馨勻,1,2,,35,,碩士,Y,*, 
10,013,03,000,0000,12,林宗俉,16,1,,59,,專科,N, , 
10,013,03,000,0000,13,李世淦,1,1,,38,,大學,N, , 
10,013,03,000,0000,14,潘淑眞,16,2,,49,,專科,Y,*, 
10,013,03,000,0000,15,曾福金,16,1,,57,,專科,N,*, 
10,013,04,000,0000,1,許展維,16,1,,42,,高中,N,*, 
10,013,04,000,0000,2,林蔡鳯梅,999,2,,55,,其他,N,*, 
10,013,04,000,0000,3,盧同恊,16,1,,60,,其他,Y,-0, 
10,013,04,000,0000,4,黃坤能,999,1,,62,,其他,N, , 
10,013,04,000,0000,5,李德全,999,1,,46,,高中,N, , 
10,013,04,000,0000,6,劉水復,999,1,,58,,其他,Y,*, 
10,013,04,000,0000,7,郭再添,999,1,,41,,專科,Y,*, 
10,013,04,000,0000,8,李香蘭,1,2,,43,,碩士,Y,!, 
10,013,04,000,0000,9,周典論,999,1,,59,,大學,N,*, 
10,013,04,000,0000,10,鄭寶川,999,1,,63,,高中,Y,*, 
10,013,04,000,0000,11,黃纓桔,16,2,,58,,其他,Y, , 
10,013,04,000,0000,12,何輝能,16,1,,65,,其他,Y,*, 
10,013,05,000,0000,1,林玉花,16,2,,50,,專科,Y,*, 
10,013,05,000,0000,2,羅平道,16,1,,47,,高中,N,*, 
10,013,05,000,0000,3,王啟敏,1,1,,58,,專科,Y,*, 
10,013,05,000,0000,4,周碧雲,16,2,,42,,碩士,Y,*, 
10,013,05,000,0000,5,楊嘉慶,16,1,,63,,專科,Y, , 
10,013,06,000,0000,1,葉明順,999,1,,61,,其他,N, , 
10,013,06,000,0000,2,張榮志,1,1,,55,,大學,Y,*, 
10,013,06,000,0000,3,陳文弘,16,1,,56,,高中,N,*, 
10,013,06,000,0000,4,李志偉,16,1,,48,,其他,N,*, 
10,013,06,000,0000,5,鍾乙豪,16,1,,40,,碩士,N, , 
10,013,07,000,0000,1,王薇茗,999,2,,30,,大學,Y, , 
10,013,07,000,0000,2,洪慈綪,999,2,,44,,大學,N,*, 
10,002,01,000,0000,1,余美雪,16,2,,59,,大學,N, , 
10,002,01,000,0000,2,陳進亮,95,1,,72,,大學,N, , 
10,002,01,000,0000,3,羅文清,999,1,,63,,大學,N, , 
10,002,01,000,0000,4,楊順木,999,1,,64,,高中,N,*, 
10,002,01,000,0000,5,張建榮,1,1,,67,,其他,Y,*, 
10,002,01,000,0000,6,張曜顯,16,1,,41,,專科,N, , 
10,002,01,000,0000,7,林錫明,999,1,,60,,其他,N,*, 
10,002,01,000,0000,8,莊淑如,1,2,,35,,碩士,N, , 
10,002,01,000,0000,9,吳福田,16,1,,64,,高中,Y, , 
10,002,01,000,0000,10,陳永錰,999,1,,68,,其他,N, , 
10,002,01,000,0000,11,林志鴻,16,1,,37,,大學,N,*, 
10,002,01,000,0000,12,黃定和,1,1,,56,,碩士,N,*, 
10,002,01,000,0000,13,林岳賢,1,1,,40,,碩士,Y,*, 
10,002,01,000,0000,14,江碧華,1,2,,58,,碩士,Y,*, 
10,002,02,000,0000,1,陳秀暖,1,2,,53,,專科,N, , 
10,002,02,000,0000,2,林東成,999,1,,51,,高中,N,*, 
10,002,02,000,0000,3,林金龍,16,1,,64,,其他,N,*, 
10,002,02,000,0000,4,楊惠民,999,1,,59,,專科,N, , 
10,002,03,000,0000,1,林成功,999,1,,51,,碩士,N,*, 
10,002,03,000,0000,2,吳宏謀,16,1,,64,,高中,Y,*, 
10,002,03,000,0000,3,李清林,1,1,,65,,其他,Y, , 
10,002,04,000,0000,1,廖明照,999,1,,55,,專科,N, , 
10,002,04,000,0000,2,陳俊宇,16,1,,39,,碩士,N,*, 
10,002,04,000,0000,3,黃浴沂,1,1,,62,,其他,Y,*, 
10,002,04,000,0000,4,張漢東,16,1,,54,,專科,Y, , 
10,002,04,000,0000,5,林錦坤,999,1,,49,,高中,N, , 
10,002,05,000,0000,1,陳福山,999,1,,57,,專科,Y,*, 
10,002,05,000,0000,2,黃建勇,1,1,,56,,高中,N,*, 
10,002,05,000,0000,3,林水金,16,1,,62,,其他,Y, , 
10,002,06,000,0000,1,陳漢鍾,999,1,,43,,專科,N,*, 
10,002,06,000,0000,2,劉添梧,16,1,,66,,專科,Y,*, 
10,002,06,000,0000,3,吳秋齡,1,2,,57,,大學,Y,*, 
10,002,06,000,0000,4,謝志得,16,1,,46,,碩士,Y, , 
10,002,06,000,0000,5,黃素琴,16,2,,50,,專科,Y,*, 
10,002,06,000,0000,6,陳鴻禧,1,1,,55,,碩士,Y,*, 
10,002,07,000,0000,1,張明華,16,1,,53,,專科,N,*, 
10,002,07,000,0000,2,沈德茂,999,1,,58,,專科,Y,*, 
10,002,07,000,0000,3,黃適超,16,1,,53,,碩士,Y,*, 
10,002,07,000,0000,4,林朝旺,1,1,,64,,其他,Y, , 
10,002,08,000,0000,1,邱素梅,999,2,,49,,碩士,Y, , 
10,002,08,000,0000,2,楊政誠,1,1,,71,,大學,Y,*, 
10,002,08,000,0000,3,薛呈懿,259,2,,24,,大學,N,*, 
10,002,08,000,0000,4,張秋明,16,1,,62,,專科,Y,*, 
10,002,08,000,0000,5,游祥德,16,1,,62,,高中,Y,*, 
10,002,08,000,0000,6,張建成,999,1,,47,,碩士,N, , 
10,002,08,000,0000,7,林松根,1,1,,56,,專科,N, , 
10,002,09,000,0000,1,李志鏞,1,1,,48,,專科,Y, , 
10,002,09,000,0000,2,陳文昌,16,1,,61,,高中,N,*, 
10,002,10,000,0000,1,王明輝,16,1,,58,,高中,N, , 
10,002,10,000,0000,2,陳正男,999,1,,66,,專科,Y,*, 
10,002,10,000,0000,3,林騰煌,1,1,,66,,高中,N, , 
10,002,10,000,0000,4,林棋山,1,1,,63,,大學,Y,*, 
10,002,10,000,0000,5,邱嘉進,16,1,,37,,大學,N,*, 
10,002,10,000,0000,6,鄭金池,999,1,,63,,專科,N, , 
10,015,01,000,0000,1,魏嘉賢,1,1,,36,,碩士,Y,*, 
10,015,01,000,0000,2,莊枝財,16,1,,61,,高中,Y,*, 
10,015,01,000,0000,3,謝國榮,1,1,,56,,高中,Y,*, 
10,015,01,000,0000,4,方建興,16,1,,64,,碩士,N, , 
10,015,01,000,0000,5,楊文值,1,1,,59,,專科,Y,*, 
10,015,01,000,0000,6,釋楊悟空,90,1,,60,,高中,N, , 
10,015,01,000,0000,7,施慧萍,1,2,,40,,碩士,Y,*, 
10,015,01,000,0000,8,林宗昆,1,1,,31,,碩士,N,*, 
10,015,01,000,0000,9,劉曉玫,16,2,,40,,大學,Y,*, 
10,015,01,000,0000,10,江如玲,1,2,,49,,大學,N, , 
10,015,01,000,0000,11,楊華美,999,2,,43,,大學,N, , 
10,015,01,000,0000,12,李秋旺,1,1,,59,,專科,Y,*, 
10,015,01,000,0000,13,施金樹,16,1,,56,,大學,Y,*, 
10,015,02,000,0000,1,何禮臺,1,1,,52,,專科,Y,*, 
10,015,02,000,0000,2,賴進坤,1,1,,54,,專科,Y,*, 
10,015,03,000,0000,1,游美雲,16,2,,54,,專科,Y,*, 
10,015,03,000,0000,2,游淑貞,999,2,,47,,大學,N,*, 
10,015,03,000,0000,3,葉鯤璟,999,1,,60,,高中,Y,*, 
10,015,03,000,0000,4,黃振富,16,1,,47,,碩士,Y,*, 
10,015,03,000,0000,5,張峻,1,1,,40,,高中,Y,*, 
10,015,03,000,0000,6,鄭乾龍,16,1,,50,,高中,N,*, 
10,015,03,000,0000,7,林殷全,999,1,,60,,高中,N, , 
10,015,03,000,0000,8,邱永双,1,1,,62,,高中,Y,*, 
10,015,03,000,0000,9,黃晨霖,1,1,,33,,專科,N, , 
10,015,03,000,0000,10,吳建志,1,1,,33,,大學,N, , 
10,015,03,000,0000,11,謝明圳,999,1,,54,,其他,N, , 
10,015,03,000,0000,12,徐雪玉,1,2,,53,,高中,Y,*, 
10,015,03,000,0000,13,康木樹,999,1,,62,,高中,N, , 
10,015,03,000,0000,14,張正治,1,1,,48,,專科,Y,*, 
10,015,04,000,0000,1,蘇孝信,999,1,,70,,高中,N, , 
10,015,04,000,0000,2,張錫銘,999,1,,77,,高中,N, , 
10,015,04,000,0000,3,王燕美,999,2,,59,,碩士,Y,*, 
10,015,04,000,0000,4,張智冠,1,1,,44,,大學,N,*, 
10,015,04,000,0000,5,蔡秋龍,1,1,,53,,大學,N, , 
10,015,04,000,0000,6,潘富民,1,1,,55,,專科,Y,*, 
10,014,01,000,0000,1,黃裕雄,999,1,,34,,高中,N, , 
10,014,01,000,0000,2,謝明珠,999,2,,65,,專科,Y, , 
10,014,01,000,0000,3,陳志峰,999,1,,49,,高中,Y,*, 
10,014,01,000,0000,4,李建智,1,1,,55,,高中,Y,*, 
10,014,01,000,0000,5,黃俊銘,999,1,,47,,碩士,N, , 
10,014,01,000,0000,6,田石雄,1,1,,66,,其他,Y,*, 
10,014,01,000,0000,7,廖進輝,999,1,,64,,大學,N, , 
10,014,01,000,0000,8,吳秀華,1,2,,41,,大學,N,*, 
10,014,01,000,0000,9,吳景槐,1,1,,52,,專科,Y,*, 
10,014,01,000,0000,10,林雅玲,999,2,,42,,高中,N, , 
10,014,01,000,0000,11,王飛龍,999,1,,64,,其他,N, , 
10,014,01,000,0000,12,彭權英,999,2,,58,,碩士,N, , 
10,014,01,000,0000,13,林參天,999,1,,56,,高中,Y,*, 
10,014,01,000,0000,14,周達三,1,1,,48,,高中,N,*, 
10,014,01,000,0000,15,饒慶鈴,1,2,,45,,博士,Y,*, 
10,014,01,000,0000,16,黃秋,999,2,,55,,大學,Y,*, 
10,014,01,000,0000,17,洪宗楷,16,1,,35,,碩士,N,*, 
10,014,02,000,0000,1,張卓然,1,1,,67,,專科,Y,*, 
10,014,03,000,0000,1,許進榮,999,1,,47,,其他,Y,*, 
10,014,03,000,0000,2,林東滿,1,1,,65,,高中,Y,*, 
10,014,04,000,0000,1,陳宏宗,1,1,,56,,高中,Y,*, 
10,014,04,000,0000,2,李振源,999,1,,54,,專科,Y, , 
10,014,04,000,0000,3,黃瑞華,1,1,,62,,高中,N,*, 
10,014,05,000,0000,1,翁麗吟,1,2,,57,,大學,N,*, 
10,014,05,000,0000,2,張順福,16,1,,48,,高中,N, , 
10,014,06,000,0000,1,謝賢裕,1,1,,54,,高中,N,*, 
10,014,06,000,0000,2,陳照隆,1,1,,65,,大學,N, , 
10,016,01,000,0000,1,許神賜,999,1,,77,,高中,N, , 
10,016,01,000,0000,2,劉陳昭玲,1,2,,58,,碩士,Y,*, 
10,016,01,000,0000,3,傅靜凡,79,1,,46,,碩士,N, , 
10,016,01,000,0000,4,黄俊仁,999,1,,43,,碩士,N, , 
10,016,01,000,0000,5,顏嘉弘,1,1,,40,,大學,N,*, 
10,016,01,000,0000,6,陳慧玲,16,2,,52,,專科,N,*, 
10,016,01,000,0000,7,胡松榮,1,1,,68,,高中,Y,*, 
10,016,01,000,0000,8,藍俊逸,1,1,,68,,其他,Y,*, 
10,016,01,000,0000,9,陳海山,999,1,,64,,其他,Y,*, 
10,016,01,000,0000,10,黃春燕,999,2,,57,,高中,Y, , 
10,016,01,000,0000,11,許麗音,999,2,,66,,大學,N, , 
10,016,01,000,0000,12,陳雙全,1,1,,53,,大學,Y,*, 
10,016,01,000,0000,13,蔡金美,106,2,,46,,大學,N, , 
10,016,01,000,0000,14,張再興,999,1,,62,,高中,N,*, 
10,016,01,000,0000,15,郁國麟,999,1,,54,,大學,N, , 
10,016,01,000,0000,16,呂黃春金,16,2,,54,,其他,N,*, 
10,016,01,000,0000,17,蘇陳綉色,999,2,,57,,其他,N, , 
10,016,01,000,0000,18,吳文相,999,1,,66,,高中,Y,*, 
10,016,01,000,0000,19,陳百川,1,1,,54,,高中,N,*, 
10,016,02,000,0000,1,蔡清續,999,1,,57,,專科,N, , 
10,016,02,000,0000,2,歐陽洲,999,1,,42,,專科,Y,*, 
10,016,02,000,0000,3,成萬貫,999,1,,53,,大學,Y,*, 
10,016,02,000,0000,4,陳振中,1,1,,51,,碩士,N,*, 
10,016,03,000,0000,1,鄭來得,999,1,,63,,其他,N, , 
10,016,03,000,0000,2,宋國進,1,1,,61,,高中,Y,*, 
10,016,03,000,0000,3,魏長源,999,1,,63,,高中,Y,*, 
10,016,03,000,0000,4,許龍聰,999,1,,48,,專科,N, , 
10,016,04,000,0000,1,楊石龍,999,1,,54,,碩士,N,*, 
10,016,05,000,0000,1,陳佩真,999,2,,31,,高中,N, , 
10,016,05,000,0000,2,俞喜龍,999,1,,58,,高中,N, , 
10,016,05,000,0000,3,葉明縣,999,1,,59,,其他,Y,*, 
10,016,06,000,0000,1,夏晨榮,1,1,,54,,高中,Y, , 
10,016,06,000,0000,2,呂啟宗,999,1,,62,,其他,N,*, 
10,017,01,000,0000,1,呂美玲,1,2,,50,,碩士,Y,*, 
10,017,01,000,0000,2,余重城,199,1,,52,,高中,N, , 
10,017,01,000,0000,3,張淵翔,1,1,,37,,碩士,N, , 
10,017,01,000,0000,4,藍敏煌,1,1,,47,,碩士,Y,*, 
10,017,01,000,0000,5,徐莉莉,90,2,,49,,大學,N,*, 
10,017,01,000,0000,6,詹春陽,16,1,,66,,高中,Y,*, 
10,017,02,000,0000,1,余宗珮,90,2,,39,,碩士,N, , 
10,017,02,000,0000,2,陳宜,999,2,,28,,專科,N, , 
10,017,02,000,0000,3,賴正庸,999,1,,44,,碩士,N, , 
10,017,02,000,0000,4,何淑萍,1,2,,43,,碩士,Y,*, 
10,017,02,000,0000,5,韓良圻,999,1,,57,,碩士,Y,*, 
10,017,02,000,0000,6,鄭村棋,199,1,,62,,大學,N, , 
10,017,02,000,0000,7,陳東財,16,1,,62,,高中,Y,*, 
10,017,02,000,0000,8,林家益,999,1,,42,,高中,N, , 
10,017,02,000,0000,9,林月琴,95,2,,50,,高中,N, , 
10,017,02,000,0000,10,張漢土,1,1,,62,,高中,Y,*, 
10,017,03,000,0000,1,莊榮欽,1,1,,57,,高中,Y,*, 
10,017,03,000,0000,2,林華生,999,1,,51,,其他,N, , 
10,017,03,000,0000,3,游祥耀,16,1,,62,,大學,Y,*, 
10,017,03,000,0000,4,林淑姣,999,2,,50,,專科,N, , 
10,017,03,000,0000,5,陳建雄,16,1,,58,,專科,N, , 
10,017,03,000,0000,6,江書豪,999,1,,37,,大學,N, , 
10,017,03,000,0000,7,黃小陵,199,2,,44,,碩士,N, , 
10,017,03,000,0000,8,曾紀嚴,1,1,,38,,專科,N,*, 
10,017,03,000,0000,9,張芳麗,1,2,,62,,碩士,Y,!, 
10,017,03,000,0000,10,藍正宗,1,1,,51,,大學,N,-0, 
10,017,03,000,0000,11,駱智仁,1,1,,45,,大學,N, , 
10,017,04,000,0000,1,陳志和,999,1,,43,,專科,N, , 
10,017,04,000,0000,2,施世明,16,1,,62,,大學,Y,*, 
10,017,04,000,0000,3,宋瑋莉,1,2,,57,,碩士,Y,*, 
10,017,04,000,0000,4,楊石城,1,1,,52,,大學,Y,*, 
10,017,04,000,0000,5,張錦煌,16,1,,59,,高中,Y,*, 
10,017,04,000,0000,6,莊敬聖,999,1,,40,,專科,N, , 
10,017,04,000,0000,7,龔尤倩,199,2,,45,,碩士,N, , 
10,017,05,000,0000,1,陳志成,16,1,,64,,大學,Y,*, 
10,017,05,000,0000,2,袁孔琪,199,1,,53,,大學,N, , 
10,017,05,000,0000,3,秦鉦,1,1,,61,,大學,Y,*, 
10,017,05,000,0000,4,洪森永,16,1,,49,,專科,Y,*, 
10,017,05,000,0000,5,莊錦田,90,1,,61,,專科,Y,*, 
10,017,05,000,0000,6,沈義傳,1,1,,65,,其他,Y, , 
10,017,05,000,0000,7,鄭林清良,1,2,,66,,大學,Y,*, 
10,017,05,000,0000,8,蔡適應,16,1,,41,,碩士,Y,*, 
10,017,05,000,0000,9,俞叁發,1,1,,49,,高中,N,*, 
10,017,06,000,0000,1,連恩典,999,1,,56,,高中,N,*, 
10,017,06,000,0000,2,鄭怡信,999,1,,58,,專科,Y, , 
10,017,06,000,0000,3,陳江山,1,1,,54,,高中,Y,*, 
10,017,06,000,0000,4,王奕荃,1,1,,53,,專科,N, , 
10,017,06,000,0000,5,鄭可熙,999,1,,59,,專科,N, , 
10,017,06,000,0000,6,林明智,16,1,,41,,大學,N,*, 
10,017,06,000,0000,7,王醒之,999,1,,42,,博士,N, , 
10,017,07,000,0000,1,吳桐茂,999,1,,49,,高中,N,-0, 
10,017,07,000,0000,2,楊秀玉,90,2,,47,,專科,N,!, 
10,017,07,000,0000,3,蘇仁和,16,1,,60,,專科,Y,*, 
10,017,07,000,0000,4,張明麗,79,2,,44,,大學,N, , 
10,017,07,000,0000,5,陳永順,1,1,,49,,專科,N, , 
10,017,07,000,0000,6,蘇財發,1,1,,65,,高中,Y, , 
10,017,07,000,0000,7,蔡旺璉,1,1,,60,,專科,Y,*, 
10,017,07,000,0000,8,張美瓊,16,2,,53,,高中,N, , 
10,017,07,000,0000,9,張耿輝,999,1,,53,,高中,Y,*, 
10,017,07,000,0000,10,陳重光,199,1,,33,,大學,N, , 
10,017,07,000,0000,11,崔靜玫,999,2,,55,,高中,N, , 
10,017,07,000,0000,12,高辜惠珍,1,2,,56,,專科,Y, , 
10,018,01,000,0000,1,楊志翔,79,1,,25,,其他,N, , 
10,018,01,000,0000,2,羅華強,999,1,,44,,博士,N, , 
10,018,01,000,0000,3,鍾淑英,1,2,,58,,高中,Y,*, 
10,018,01,000,0000,4,余邦彥,1,1,,42,,大學,Y,*, 
10,018,01,000,0000,5,鄭貴元,16,1,,62,,碩士,N,*, 
10,018,01,000,0000,6,羅文熾,999,1,,60,,大學,Y,*, 
10,018,01,000,0000,7,方俊評,999,1,,39,,大學,N, , 
10,018,01,000,0000,8,張祖琰,1,2,,63,,博士,Y,*, 
10,018,01,000,0000,9,李國璋,1,1,,44,,大學,N,*, 
10,018,01,000,0000,10,謝希誠,1,1,,52,,碩士,Y,*, 
10,018,01,000,0000,11,鄭正鈐,1,1,,45,,博士,Y,*, 
10,018,01,000,0000,12,廖婉君,999,2,,27,,大學,N, , 
10,018,01,000,0000,13,程澎澎,999,2,,60,,大學,N, , 
10,018,01,000,0000,14,段孝芳,1,2,,54,,高中,Y, , 
10,018,01,000,0000,15,劉聲正,95,1,,55,,高中,N,*, 
10,018,01,000,0000,16,李炳煌,999,1,,41,,大學,N, , 
10,018,01,000,0000,17,謝治,74,1,,61,,專科,N, , 
10,018,01,000,0000,18,蕭吉隆,999,1,,38,,碩士,N, , 
10,018,01,000,0000,19,鄭宏輝,16,1,,45,,碩士,Y,*, 
10,018,01,000,0000,20,曾資程,16,1,,47,,碩士,Y,*, 
10,018,01,000,0000,21,曹永明,90,1,,43,,大學,N, , 
10,018,01,000,0000,22,余振福,1,1,,54,,大學,N, , 
10,018,01,000,0000,23,王瑄,999,2,,43,,大學,N, , 
10,018,02,000,0000,1,宋金海,999,1,,67,,高中,N, , 
10,018,02,000,0000,2,許修睿,999,1,,48,,碩士,Y,*, 
10,018,02,000,0000,3,施乃如,16,2,,37,,大學,N,*, 
10,018,02,000,0000,4,徐信芳,1,1,,66,,大學,Y,*, 
10,018,02,000,0000,5,何佳樺,1,2,,50,,大學,N, , 
10,018,02,000,0000,6,許文棟,999,1,,59,,其他,Y,*, 
10,018,02,000,0000,7,鍾淑姬,999,2,,54,,碩士,N, , 
10,018,02,000,0000,8,田雅芳,999,2,,29,,大學,N, , 
10,018,02,000,0000,9,林碧霞,95,2,,64,,大學,N, , 
10,018,03,000,0000,1,熊哲良,90,1,,39,,碩士,N, , 
10,018,03,000,0000,2,駱克欽,999,1,,52,,專科,N, , 
10,018,03,000,0000,3,陳治雄,1,1,,55,,大學,N,*, 
10,018,03,000,0000,4,呂於台,1,1,,63,,專科,Y, , 
10,018,03,000,0000,5,鄭正宗,16,1,,66,,大學,Y,*, 
10,018,04,000,0000,1,王銘宗,999,1,,57,,博士,N, , 
10,018,04,000,0000,2,蕭志潔,1,2,,54,,專科,Y,*, 
10,018,04,000,0000,3,孫鍚洲,999,1,,58,,專科,Y,*, 
10,018,04,000,0000,4,林殷如,999,2,,30,,大學,N, , 
10,018,04,000,0000,5,黃美慧,999,2,,46,,專科,N,*, 
10,018,04,000,0000,6,顏政德,1,1,,49,,碩士,N,*, 
10,018,04,000,0000,7,陳清全,999,1,,65,,其他,Y,*, 
10,018,04,000,0000,8,吳青山,1,1,,58,,大學,Y,*, 
10,018,04,000,0000,9,湯新如,999,1,,57,,大學,N, , 
10,018,04,000,0000,10,林飛鵬,999,1,,61,,碩士,N, , 
10,018,04,000,0000,11,吳秋穀,16,1,,64,,大學,Y,*, 
10,018,04,000,0000,12,彭昆耀,999,1,,63,,高中,Y, , 
10,018,04,000,0000,13,謝文進,999,1,,60,,高中,Y,*, 
10,018,04,000,0000,14,李姸慧,999,2,,38,,碩士,Y,*, 
10,018,05,000,0000,1,鄭成光,1,1,,65,,其他,Y,*, 
10,018,05,000,0000,2,黃彥儒,999,1,,26,,大學,N,-0, 
10,018,05,000,0000,3,林梅華,999,2,,48,,高中,N, , 
10,018,05,000,0000,4,林耕仁,1,1,,53,,碩士,Y,*, 
10,018,05,000,0000,5,陳啓源,999,1,,48,,專科,Y,*, 
10,018,05,000,0000,6,王明魁,999,1,,75,,高中,N, , 
10,018,05,000,0000,7,林盈徹,16,1,,34,,大學,N,*, 
10,018,05,000,0000,8,賀玉燕,1,2,,61,,大學,Y,!, 
10,018,05,000,0000,9,吳國寶,999,1,,44,,碩士,Y,*, 
10,020,01,000,0000,1,張敏琪,1,2,,41,,高中,Y,*, 
10,020,01,000,0000,2,李奕德,999,1,,31,,碩士,N, , 
10,020,01,000,0000,3,黃盈智,16,1,,42,,博士,N,*, 
10,020,01,000,0000,4,蔡尚媞,259,2,,25,,高中,N, , 
10,020,01,000,0000,5,郭明賓,1,1,,55,,碩士,Y,*, 
10,020,01,000,0000,6,傅大偉,1,1,,51,,碩士,Y,*, 
10,020,01,000,0000,7,郭文居,1,1,,37,,碩士,N,*, 
10,020,01,000,0000,8,廖梅江,16,1,,66,,大學,N, , 
10,020,01,000,0000,9,張榮藏,999,1,,72,,大學,Y,*, 
10,020,01,000,0000,10,黃國村,1,1,,71,,專科,Y, , 
10,020,01,000,0000,11,洪有仁,999,1,,54,,高中,N,*, 
10,020,01,000,0000,12,黃露慧,16,2,,47,,碩士,Y,*, 
10,020,01,000,0000,13,林瑞霞,999,2,,60,,碩士,N, , 
10,020,01,000,0000,14,黃秋澤,999,1,,56,,高中,Y,*, 
10,020,01,000,0000,15,戴寧,999,2,,32,,大學,Y,*, 
10,020,01,000,0000,16,蔡永泉,95,1,,62,,大學,Y,*, 
10,020,02,000,0000,1,陳姿妏,999,2,,52,,大學,N,*, 
10,020,02,000,0000,2,吳上明,999,1,,67,,高中,Y,*, 
10,020,02,000,0000,3,蘇澤峰,999,1,,30,,高中,N,*, 
10,020,02,000,0000,4,張秀華,1,2,,57,,碩士,Y,*, 
10,020,02,000,0000,5,黃大祐,16,1,,44,,碩士,N, , 
10,020,02,000,0000,6,李孟哲,95,1,,47,,碩士,N, , 
10,020,02,000,0000,7,李忠曆,999,1,,49,,專科,Y,*, 
10,020,02,000,0000,8,譚國華,1,1,,42,,高中,N, , 
10,020,02,000,0000,9,陳文齡,1,1,,71,,大學,Y, , 
10,020,02,000,0000,10,王美惠,16,2,,49,,大學,Y,*, 
10,020,02,000,0000,11,莊豐安,999,1,,49,,高中,N,*, 
10,020,02,000,0000,12,蔡文旭,16,1,,51,,大學,Y,*, 
10,020,02,000,0000,13,蕭淑麗,999,2,,47,,碩士,N,*, 
10,020,02,000,0000,14,廖天隆,999,1,,67,,高中,Y,*, 
10,020,02,000,0000,15,蕭文億,1,1,,39,,碩士,N, , 
10,020,02,000,0000,16,蔡榮豐,999,1,,58,,大學,Y,*, 
10,020,02,000,0000,17,陳幸枝,16,2,,54,,高中,Y,*, 
10,020,02,000,0000,18,鄭光宏,1,1,,35,,碩士,N,*, 
09,020,01,000,0000,1,許玉昭,1,2,,49,,大學,Y,*, 
09,020,01,000,0000,2,許建中,1,1,,51,,其他,Y, , 
09,020,01,000,0000,3,陳滄江,16,1,,59,,博士,Y,*, 
09,020,01,000,0000,4,楊萬山,1,1,,47,,高中,N,*, 
09,020,01,000,0000,5,林孫全,1,1,,61,,其他,Y,*, 
09,020,01,000,0000,6,李誠智,1,1,,38,,大學,Y,*, 
09,020,01,000,0000,7,李錫添,1,1,,48,,碩士,N, , 
09,020,01,000,0000,8,許華玉,1,2,,59,,其他,Y,*, 
09,020,01,000,0000,9,黃啓璋,999,1,,53,,大學,N, , 
09,020,01,000,0000,10,楊永立,1,1,,55,,高中,Y,*, 
09,020,01,000,0000,11,陳衍利,1,2,,39,,其他,N, , 
09,020,01,000,0000,12,歐陽儀雄,1,1,,41,,大學,N,*, 
09,020,01,000,0000,13,翁銘駿,1,1,,31,,其他,N, , 
09,020,01,000,0000,14,許志猛,999,1,,40,,大學,N, , 
09,020,01,000,0000,15,廖進入,1,1,,54,,高中,N, , 
09,020,01,000,0000,16,王碧珍,999,2,,55,,大學,Y, , 
09,020,01,000,0000,17,洪允典,1,1,,62,,高中,N, , 
09,020,01,000,0000,18,石永城,999,1,,41,,高中,N,*, 
09,020,01,000,0000,19,唐麗輝,999,2,,57,,碩士,Y,*, 
09,020,02,000,0000,1,張雲德,1,1,,61,,其他,N,*, 
09,020,02,000,0000,2,陳美雲,999,2,,62,,高中,N, , 
09,020,02,000,0000,3,蔡其賀,999,1,,48,,其他,N, , 
09,020,02,000,0000,4,周子傑,1,1,,41,,大學,Y,*, 
09,020,02,000,0000,5,謝東龍,1,1,,44,,高中,Y,*, 
09,020,02,000,0000,6,蔡春生,1,1,,60,,其他,Y,*, 
09,020,02,000,0000,7,徐鴻義,999,1,,54,,高中,N, , 
09,020,02,000,0000,8,李應文,1,1,,35,,碩士,N,*, 
09,020,02,000,0000,9,蔡水游,1,1,,56,,高中,Y,*, 
09,020,02,000,0000,10,陳文慶,999,1,,55,,高中,N, , 
09,020,02,000,0000,11,陳玉珍,999,2,,41,,碩士,N,!, 
09,020,02,000,0000,12,王再生,1,1,,68,,高中,Y, , 
09,020,02,000,0000,13,陳志斌,1,1,,31,,大學,N,-0, 
09,020,03,000,0000,1,洪麗萍,1,2,,46,,高中,Y,*, 
09,020,03,000,0000,2,洪輝榮,999,1,,37,,高中,N, , 
09,020,03,000,0000,3,林金量,1,1,,60,,碩士,Y, , 
09,020,03,000,0000,4,呂俊龍,1,1,,38,,大學,N, , 
09,020,03,000,0000,5,洪鴻斌,1,1,,45,,其他,N,*, 
09,007,01,000,0000,1,朱秀平,1,1,,53,,高中,N, , 
09,007,01,000,0000,2,林貽祥,1,1,,55,,大學,N,*, 
09,007,01,000,0000,3,曹以標,999,1,,51,,高中,Y,*, 
09,007,01,000,0000,4,林惠萍,1,2,,41,,碩士,Y, , 
09,007,01,000,0000,5,林明揚,1,1,,51,,高中,N,*, 
09,007,01,000,0000,6,陳書建,1,1,,56,,高中,N,*, 
09,007,01,000,0000,7,曹丞君,999,2,,38,,高中,Y,*, 
09,007,01,000,0000,8,曹爾章,1,1,,43,,大學,Y, , 
09,007,02,000,0000,1,陳貴忠,1,1,,53,,專科,Y,*, 
09,007,02,000,0000,2,王長明,999,1,,56,,其他,Y, , 
09,007,02,000,0000,3,周瑞國,1,1,,45,,高中,N,*, 
09,007,03,000,0000,1,柯玉官,1,1,,61,,其他,N, , 
09,007,03,000,0000,2,陳貽斌,1,1,,45,,高中,N,*, 
09,007,04,000,0000,1,張永江,999,1,,54,,其他,Y,*, 
09,007,04,000,0000,2,馮印才,999,1,,52,,高中,N, , 
