63,000,01,000,0000,1,謝維洲,16,1,,31,,大學,N,*, 
63,000,01,000,0000,2,賴素如,999,2,,50,,博士,Y, , 
63,000,01,000,0000,3,孫士堅,999,1,,55,,專科,N, , 
63,000,01,000,0000,4,潘懷宗,74,1,,53,,博士,Y,*, 
63,000,01,000,0000,5,林瑞圖,999,1,,58,,大學,Y,*, 
63,000,01,000,0000,6,周佳君,199,2,,47,,碩士,N, , 
63,000,01,000,0000,7,王奕凱,999,1,,29,,高中,N, , 
63,000,01,000,0000,8,王英文,999,1,,43,,博士,N, , 
63,000,01,000,0000,9,陳重文,1,1,,37,,大學,N,*, 
63,000,01,000,0000,10,黃平洋,1,1,,52,,大學,Y, , 
63,000,01,000,0000,11,王小玉,90,2,,62,,其他,N, , 
63,000,01,000,0000,12,楊靜宇,74,1,,53,,大學,N, , 
63,000,01,000,0000,13,汪志冰,1,2,,57,,碩士,Y,*, 
63,000,01,000,0000,14,林世宗,16,1,,55,,博士,Y,*, 
63,000,01,000,0000,15,王威中,16,1,,31,,碩士,N,*, 
63,000,01,000,0000,16,吳思瑤,16,2,,40,,碩士,Y,*, 
63,000,01,000,0000,17,陳建銘,95,1,,53,,博士,Y,*, 
63,000,01,000,0000,18,何志偉,16,1,,32,,碩士,Y,*, 
63,000,01,000,0000,19,陳政忠,999,1,,59,,碩士,Y,*, 
63,000,01,000,0000,20,陳慈慧,16,2,,31,,大學,N,*, 
63,000,01,000,0000,21,吳碧珠,1,2,,64,,大學,Y,*, 
63,000,02,000,0000,1,許明偉,999,1,,60,,大學,N, , 
63,000,02,000,0000,2,陳義洲,1,1,,62,,碩士,Y,*, 
63,000,02,000,0000,3,趙家蓉,74,2,,52,,大學,N, , 
63,000,02,000,0000,4,黃子哲,1,1,,40,,碩士,N, , 
63,000,02,000,0000,5,黃珊珊,90,2,,45,,大學,Y,*, 
63,000,02,000,0000,6,王孝維,16,1,,53,,大學,Y,*, 
63,000,02,000,0000,7,李彥秀,1,2,,42,,大學,Y,*, 
63,000,02,000,0000,8,陳嘉霖,95,1,,36,,碩士,N, , 
63,000,02,000,0000,9,余筱菁,259,2,,33,,碩士,N, , 
63,000,02,000,0000,10,闕枚莎,1,2,,42,,碩士,Y,*, 
63,000,02,000,0000,11,江志銘,16,1,,52,,大學,Y,*, 
63,000,02,000,0000,12,吳世正,1,1,,51,,碩士,Y,*, 
63,000,02,000,0000,13,李建昌,16,1,,52,,碩士,Y,*, 
63,000,02,000,0000,14,高嘉瑜,16,2,,34,,碩士,Y,*, 
63,000,03,000,0000,1,陳永德,1,1,,49,,大學,Y,*, 
63,000,03,000,0000,2,秦慧珠,1,2,,59,,博士,Y,*, 
63,000,03,000,0000,3,楊世光,74,1,,38,,專科,N, , 
63,000,03,000,0000,4,許家蓓,16,2,,37,,大學,N,*, 
63,000,03,000,0000,5,王博玉,999,1,,46,,碩士,N, , 
63,000,03,000,0000,6,戴錫欽,1,1,,48,,碩士,Y,*, 
63,000,03,000,0000,7,陳孋輝,1,2,,51,,碩士,Y,*, 
63,000,03,000,0000,8,洪士奇,90,1,,52,,大學,N, , 
63,000,03,000,0000,9,潘翰疆,259,1,,47,,大學,N, , 
63,000,03,000,0000,10,許淑華,16,2,,41,,碩士,Y,*, 
63,000,03,000,0000,11,李卓翰,95,1,,44,,碩士,N, , 
63,000,03,000,0000,12,王鴻薇,1,2,,50,,大學,Y,*, 
63,000,03,000,0000,13,洪健益,16,1,,44,,碩士,Y,*, 
63,000,03,000,0000,14,楊實秋,1,1,,56,,碩士,Y, , 
63,000,03,000,0000,15,張茂楠,16,1,,54,,大學,Y,*, 
63,000,03,000,0000,16,徐世勲,999,1,,38,,碩士,N,*, 
63,000,03,000,0000,17,王正德,1,1,,58,,大學,Y, , 
63,000,04,000,0000,1,陳炳甫,1,1,,43,,碩士,N,*, 
63,000,04,000,0000,2,鍾君竺,199,2,,37,,大學,N, , 
63,000,04,000,0000,3,黃向羣,16,1,,44,,碩士,N,*, 
63,000,04,000,0000,4,林婕麗,74,2,,48,,高中,N, , 
63,000,04,000,0000,5,梁文傑,16,1,,43,,碩士,Y,*, 
63,000,04,000,0000,6,顏若芳,16,2,,29,,大學,N,*, 
63,000,04,000,0000,7,葉林傳,1,1,,45,,專科,Y,*, 
63,000,04,000,0000,8,王世堅,16,1,,54,,碩士,Y,*, 
63,000,04,000,0000,9,林國成,90,1,,57,,碩士,Y,*, 
63,000,04,000,0000,10,王麗珠,1,2,,57,,大學,N, , 
63,000,04,000,0000,11,簡聖哲,95,1,,32,,大學,N, , 
63,000,04,000,0000,12,鄭惠齡,259,2,,28,,大學,N, , 
63,000,04,000,0000,13,林亭君,1,2,,30,,大學,N,*, 
63,000,04,000,0000,14,楊鎮雄,999,1,,63,,大學,N, , 
63,000,05,000,0000,1,徐立信,999,1,,39,,碩士,N, , 
63,000,05,000,0000,2,黄文章,179,1,,61,,大學,N, , 
63,000,05,000,0000,3,康明道,999,1,,43,,大學,N, , 
63,000,05,000,0000,4,吳志剛,1,1,,43,,碩士,Y,*, 
63,000,05,000,0000,5,謝建平,95,1,,49,,專科,N, , 
63,000,05,000,0000,6,童仲彥,16,1,,41,,碩士,Y,*, 
63,000,05,000,0000,7,周威佑,16,1,,52,,大學,Y,*, 
63,000,05,000,0000,8,劉耀仁,16,1,,46,,碩士,Y,*, 
63,000,05,000,0000,9,應曉薇,1,2,,50,,碩士,Y,*, 
63,000,05,000,0000,10,林佳諭,259,2,,27,,碩士,N, , 
63,000,05,000,0000,11,郭昭巖,1,2,,45,,碩士,Y,*, 
63,000,05,000,0000,12,鍾小平,1,1,,52,,碩士,Y,*, 
63,000,05,000,0000,13,顏聖冠,16,2,,46,,碩士,Y,*, 
63,000,05,000,0000,14,陳蓋武,90,1,,40,,碩士,N, , 
63,000,05,000,0000,15,張榮法,74,1,,42,,大學,N, , 
63,000,06,000,0000,1,陳彥伯,74,1,,45,,碩士,Y,*, 
63,000,06,000,0000,2,孫仲康,999,1,,50,,碩士,N, , 
63,000,06,000,0000,3,厲耿桂芳,1,2,,68,,碩士,Y,*, 
63,000,06,000,0000,4,王欣儀,1,2,,44,,碩士,Y,*, 
63,000,06,000,0000,5,陳錦祥,1,1,,55,,高中,Y,*, 
63,000,06,000,0000,6,丁增義,999,1,,55,,碩士,N, , 
63,000,06,000,0000,7,潘翰聲,259,1,,44,,碩士,N, , 
63,000,06,000,0000,8,歐陽龍,1,1,,54,,高中,Y,*, 
63,000,06,000,0000,9,王閔生,16,1,,39,,大學,N,*, 
63,000,06,000,0000,10,青天,999,1,,59,,大學,N, , 
63,000,06,000,0000,11,何啟聖,90,1,,50,,碩士,N, , 
63,000,06,000,0000,12,王致雅,1,2,,42,,碩士,N, , 
63,000,06,000,0000,13,徐弘庭,1,1,,32,,大學,N,*, 
63,000,06,000,0000,14,聶紹雄,999,1,,68,,碩士,N, , 
63,000,06,000,0000,15,周柏雅,16,1,,55,,碩士,Y,*, 
63,000,06,000,0000,16,李慶鋒,16,1,,47,,碩士,Y,*, 
63,000,06,000,0000,17,阮昭雄,16,1,,44,,碩士,Y,*, 
63,000,06,000,0000,18,李新,1,1,,61,,碩士,Y,*, 
63,000,06,000,0000,19,謝啟大,999,2,,65,,碩士,N, , 
63,000,06,000,0000,20,歐陽瑞蓮,95,2,,38,,碩士,N, , 
63,000,06,000,0000,21,簡舒培,16,2,,37,,大學,N,*, 
63,000,06,000,0000,22,李慶元,1,1,,56,,碩士,Y,*, 
65,000,01,000,0000,1,鄭戴麗香,1,2,,60,,其他,Y,*, 
65,000,01,000,0000,2,王鐘銘,79,1,,35,,大學,N, , 
65,000,01,000,0000,3,鄭宇恩,16,2,,28,,碩士,N,*, 
65,000,01,000,0000,4,蔡錦賢,999,1,,65,,其他,Y,*, 
65,000,01,000,0000,5,蔡葉偉,1,1,,60,,博士,N,*, 
65,000,01,000,0000,6,呂子昌,16,1,,56,,專科,Y, , 
65,000,02,000,0000,1,蔡健棠,1,1,,51,,碩士,N, , 
65,000,02,000,0000,2,宋明宗,1,1,,47,,專科,Y,*, 
65,000,02,000,0000,3,陳明義,1,1,,47,,碩士,Y, , 
65,000,02,000,0000,4,何淑峯,16,2,,47,,碩士,Y,*, 
65,000,02,000,0000,5,賴秋媚,16,2,,51,,高中,Y,*, 
65,000,02,000,0000,6,董吉誠,999,1,,54,,碩士,N, , 
65,000,02,000,0000,7,鍾宏仁,16,1,,57,,博士,N,*, 
65,000,02,000,0000,8,張晉婷,95,2,,45,,高中,Y,*, 
65,000,02,000,0000,9,黃林玲玲,1,2,,72,,大學,Y,*, 
65,000,02,000,0000,10,蔣根煌,1,1,,51,,高中,Y,*, 
65,000,02,000,0000,11,陳文治,16,1,,47,,大學,Y,*, 
65,000,02,000,0000,12,陳科名,16,1,,44,,大學,Y,*, 
65,000,02,000,0000,13,蔡淑君,1,2,,44,,專科,Y,*, 
65,000,03,000,0000,1,李倩萍,16,2,,44,,碩士,Y,*, 
65,000,03,000,0000,2,蕭榮騰,153,1,,46,,其他,N, , 
65,000,03,000,0000,3,鄭金隆,16,1,,59,,高中,Y,*, 
65,000,03,000,0000,4,王詠沛,90,2,,50,,大學,N, , 
65,000,03,000,0000,5,黃桂蘭,1,2,,57,,碩士,Y, , 
65,000,03,000,0000,6,張宸浩,74,1,,34,,碩士,N, , 
65,000,03,000,0000,7,董俊良,999,1,,44,,高中,N, , 
65,000,03,000,0000,8,胡淑蓉,1,2,,54,,高中,Y, , 
65,000,03,000,0000,9,蔡明堂,1,1,,56,,大學,N,*, 
65,000,03,000,0000,10,李翁月娥,999,2,,56,,專科,Y,*, 
65,000,03,000,0000,11,李丹鳳,199,2,,36,,碩士,N, , 
65,000,03,000,0000,12,鄭世維,1,1,,48,,高中,N, , 
65,000,03,000,0000,13,陳幸進,1,1,,71,,其他,Y,*, 
65,000,03,000,0000,14,蘇卿彥,999,1,,75,,博士,N, , 
65,000,03,000,0000,15,李坤城,16,1,,41,,碩士,Y,*, 
65,000,03,000,0000,16,李余典,16,1,,56,,專科,Y,*, 
65,000,03,000,0000,17,邱婷蔚,16,2,,34,,大學,N,*, 
65,000,03,000,0000,18,陳啟能,16,1,,55,,大學,Y,*, 
65,000,03,000,0000,19,陳良安,95,1,,44,,專科,N, , 
65,000,04,000,0000,1,曾煥嘉,1,1,,38,,大學,Y,*, 
65,000,04,000,0000,2,周勝考,1,1,,58,,碩士,Y,*, 
65,000,04,000,0000,3,廖裕德,999,1,,63,,專科,Y,*, 
65,000,04,000,0000,4,顏德民,999,1,,38,,碩士,N, , 
65,000,04,000,0000,5,王淑慧,16,2,,58,,碩士,Y,*, 
65,000,04,000,0000,6,黃俊哲,16,1,,36,,碩士,N,*, 
65,000,04,000,0000,7,林水山,16,1,,58,,其他,Y, , 
65,000,04,000,0000,8,何博文,16,1,,41,,碩士,N,*, 
65,000,04,000,0000,9,林世棟,90,1,,57,,碩士,N, , 
65,000,04,000,0000,10,林國春,1,1,,46,,碩士,Y,*, 
65,000,04,000,0000,11,劉美芳,1,2,,35,,大學,Y,*, 
65,000,04,000,0000,12,王炳忠,74,1,,27,,碩士,N, , 
65,000,04,000,0000,13,張宏陸,16,1,,42,,碩士,Y,*, 
65,000,04,000,0000,14,李婉鈺,999,2,,42,,碩士,Y, , 
65,000,04,000,0000,15,趙燕昭,1,1,,58,,高中,N, , 
65,000,04,000,0000,16,蕭貫譽,95,1,,58,,高中,N, , 
65,000,05,000,0000,1,陳錦錠,1,2,,60,,專科,Y,*, 
65,000,05,000,0000,2,江永昌,16,1,,45,,碩士,Y,*, 
65,000,05,000,0000,3,林朝鑫,999,1,,54,,碩士,N, , 
65,000,05,000,0000,4,戴德成,74,1,,52,,專科,N, , 
65,000,05,000,0000,5,游輝宂,999,1,,31,,大學,N,*, 
65,000,05,000,0000,6,林秀惠,16,2,,59,,碩士,Y,*, 
65,000,05,000,0000,7,張瑞山,16,1,,59,,高中,Y,*, 
65,000,05,000,0000,8,金瑞龍,1,1,,45,,專科,Y, , 
65,000,05,000,0000,9,邱烽堯,1,1,,41,,碩士,Y,*, 
65,000,06,000,0000,1,羅文崇,16,1,,50,,專科,N,*, 
65,000,06,000,0000,2,陳鴻源,1,1,,47,,專科,Y,*, 
65,000,06,000,0000,3,許昭興,16,2,,43,,碩士,Y,*, 
65,000,06,000,0000,4,蔡明璋,74,1,,49,,大學,N, , 
65,000,06,000,0000,5,金介壽,1,1,,63,,大學,Y, , 
65,000,06,000,0000,6,連斐璠,1,2,,55,,碩士,Y,*, 
65,000,06,000,0000,7,莊育麟,199,1,,40,,碩士,N, , 
65,000,07,000,0000,1,王明麗,1,2,,62,,專科,Y, , 
65,000,07,000,0000,2,林銘仁,16,1,,54,,碩士,Y,*, 
65,000,07,000,0000,3,林明正,74,1,,35,,碩士,N, , 
65,000,07,000,0000,4,吳琪銘,16,1,,51,,大學,Y,*, 
65,000,07,000,0000,5,林金結,1,1,,46,,碩士,N,*, 
65,000,07,000,0000,6,彭成龍,16,1,,58,,專科,Y,*, 
65,000,07,000,0000,7,李宜潔,95,2,,44,,其他,N, , 
65,000,07,000,0000,8,陳世榮,999,1,,57,,大學,Y,*, 
65,000,07,000,0000,9,朱子孟,1,1,,52,,博士,N, , 
65,000,07,000,0000,10,羅友志,999,1,,42,,大學,N, , 
65,000,07,000,0000,11,黃永昌,1,1,,51,,專科,Y,*, 
65,000,07,000,0000,12,廖本煙,16,1,,58,,碩士,N,*, 
65,000,07,000,0000,13,歐金獅,16,1,,62,,專科,Y, , 
65,000,07,000,0000,14,薛永華,90,1,,41,,碩士,N, , 
65,000,07,000,0000,15,臧家宜,999,2,,40,,碩士,N, , 
65,000,07,000,0000,16,楊木萬,79,1,,59,,其他,N, , 
65,000,07,000,0000,17,洪佳君,1,2,,37,,碩士,Y,*, 
65,000,07,000,0000,18,朱彥華,999,1,,46,,博士,N, , 
65,000,07,000,0000,19,林富子,1,2,,45,,碩士,N, , 
65,000,07,000,0000,20,高敏慧,16,2,,48,,專科,Y,*, 
65,000,07,000,0000,21,蘇有仁,999,1,,65,,高中,N,*, 
65,000,08,000,0000,1,王美月,1,2,,60,,其他,N, , 
65,000,08,000,0000,2,劉哲彰,1,1,,42,,博士,Y,*, 
65,000,08,000,0000,3,金中玉,999,1,,58,,專科,Y,*, 
65,000,08,000,0000,4,陳永福,16,1,,56,,大學,Y,*, 
65,000,08,000,0000,5,廖筱清,16,2,,58,,碩士,N,*, 
65,000,08,000,0000,6,邱九桁,90,1,,49,,其他,N, , 
65,000,08,000,0000,7,何孟哲,74,1,,30,,其他,N, , 
65,000,08,000,0000,8,陳儀君,1,2,,41,,碩士,Y,*, 
65,000,09,000,0000,1,謝簡,254,1,,49,,專科,N, , 
65,000,09,000,0000,2,高天助,999,1,,51,,專科,N, , 
65,000,09,000,0000,3,林讚枝,1,1,,63,,碩士,N, , 
65,000,09,000,0000,4,林裔綺,16,2,,46,,專科,N,*, 
65,000,09,000,0000,5,吳清風,999,1,,34,,碩士,N, , 
65,000,09,000,0000,6,廖秀雄,999,1,,70,,其他,Y, , 
65,000,10,000,0000,1,周雅玲,16,2,,46,,專科,Y,*, 
65,000,10,000,0000,2,李玉蘭,999,2,,42,,高中,N, , 
65,000,10,000,0000,3,黃瑞傳,999,1,,64,,高中,N, , 
65,000,10,000,0000,4,廖正良,1,1,,59,,高中,Y,*, 
65,000,10,000,0000,5,白珮茹,1,2,,39,,碩士,Y,*, 
65,000,10,000,0000,6,沈發惠,16,1,,48,,碩士,Y,*, 
68,000,01,000,0000,1,萬美玲,1,2,,45,,大學,N,*, 
68,000,01,000,0000,2,范綱祥,16,1,,48,,碩士,N,*, 
68,000,01,000,0000,3,林國政,90,1,,48,,碩士,N, , 
68,000,01,000,0000,4,陳宗義,16,1,,55,,大學,N, , 
68,000,01,000,0000,5,黃婉如,1,2,,60,,碩士,N,*, 
68,000,01,000,0000,6,王信涵,999,1,,37,,碩士,N, , 
68,000,01,000,0000,7,簡梓倡,999,1,,48,,專科,N, , 
68,000,01,000,0000,8,張勝豐,74,1,,49,,大學,N, , 
68,000,01,000,0000,9,黃莅程,999,1,,36,,高中,N, , 
68,000,01,000,0000,10,黃景熙,16,1,,55,,專科,N,*, 
68,000,01,000,0000,11,黃智銘,16,1,,61,,專科,N, , 
68,000,01,000,0000,12,李曉鐘,1,1,,55,,大學,N,*, 
68,000,01,000,0000,13,蘇家明,1,1,,59,,碩士,N,*, 
68,000,01,000,0000,14,賀光卍,199,1,,39,,專科,N, , 
68,000,01,000,0000,15,陳美梅,1,2,,40,,碩士,N,*, 
68,000,01,000,0000,16,洪文璋,999,1,,48,,碩士,N, , 
68,000,01,000,0000,17,楊添丁,999,1,,58,,高中,N, , 
68,000,01,000,0000,18,詹江村,1,1,,51,,碩士,N,*, 
68,000,01,000,0000,19,林政賢,1,1,,55,,大學,N,*, 
68,000,01,000,0000,20,李光達,95,1,,48,,大學,N,*, 
68,000,01,000,0000,21,廖輝星,16,1,,60,,碩士,N, , 
68,000,01,000,0000,22,黃哲鍾,106,1,,65,,專科,N, , 
68,000,01,000,0000,23,羅岳峰,79,1,,28,,大學,N, , 
68,000,01,000,0000,24,史碩仁,999,1,,53,,高中,N, , 
68,000,01,000,0000,25,邱素芬,16,2,,48,,碩士,N,*, 
68,000,02,000,0000,1,陳志謀,16,1,,56,,大學,N,*, 
68,000,02,000,0000,2,林正峰,1,1,,64,,高中,N,*, 
68,000,02,000,0000,3,李麗珠,1,2,,56,,大學,N, , 
68,000,02,000,0000,4,許森能,999,1,,51,,大學,N, , 
68,000,02,000,0000,5,王家一,999,1,,39,,大學,N, , 
68,000,02,000,0000,6,林俐玲,16,2,,51,,專科,N,*, 
68,000,02,000,0000,7,李雲強,1,1,,55,,專科,N,*, 
68,000,03,000,0000,1,張文瑜,999,2,,49,,大學,N, , 
68,000,03,000,0000,2,何正森,1,1,,61,,專科,N, , 
68,000,03,000,0000,3,呂淑真,1,2,,59,,專科,N,*, 
68,000,03,000,0000,4,呂林小鳳,16,2,,50,,碩士,N,*, 
68,000,03,000,0000,5,鍾孝彥,999,1,,46,,博士,N, , 
68,000,03,000,0000,6,劉茂羣,1,2,,58,,碩士,N,*, 
68,000,03,000,0000,7,王國棟,1,1,,55,,專科,N, , 
68,000,03,000,0000,8,賴維哲,999,1,,56,,專科,N, , 
68,000,03,000,0000,9,趙正宇,999,1,,48,,碩士,N,*, 
68,000,03,000,0000,10,蔡永芳,16,1,,43,,專科,N,*, 
68,000,03,000,0000,11,鄭銀福,999,1,,57,,大學,N, , 
68,000,03,000,0000,12,彭少康,74,1,,41,,專科,N, , 
68,000,03,000,0000,13,林玉娟,999,2,,45,,大學,N, , 
68,000,03,000,0000,14,陳松福,999,1,,55,,碩士,N, , 
68,000,04,000,0000,1,李訓求,1,1,,59,,高中,N, , 
68,000,04,000,0000,2,張桂綿,1,2,,39,,大學,N, , 
68,000,04,000,0000,3,郭麗華,16,2,,49,,高中,N,*, 
68,000,04,000,0000,4,吳寶玉,999,2,,54,,高中,N, , 
68,000,04,000,0000,5,袁慧心,74,2,,49,,專科,N, , 
68,000,04,000,0000,6,劉勝全,999,1,,45,,專科,N,*, 
68,000,04,000,0000,7,陳麗莉,1,2,,57,,大學,N,*, 
68,000,04,000,0000,8,許清順,16,1,,49,,碩士,N,*, 
68,000,05,000,0000,1,徐其萬,1,1,,56,,高中,N,*, 
68,000,05,000,0000,2,游吾和,16,1,,51,,高中,N,*, 
68,000,05,000,0000,3,王淳長,999,1,,57,,高中,N, , 
68,000,06,000,0000,1,曾慶章,16,1,,64,,其他,N, , 
68,000,06,000,0000,2,李柏坊,1,1,,56,,專科,N,*, 
68,000,06,000,0000,3,黃智信,16,1,,47,,高中,N, , 
68,000,06,000,0000,4,張振源,999,1,,57,,專科,N, , 
68,000,06,000,0000,5,楊朝偉,1,1,,47,,碩士,N,*, 
68,000,06,000,0000,6,邱伶樺,999,2,,32,,大學,N, , 
68,000,06,000,0000,7,邱創良,999,1,,59,,高中,N, , 
68,000,06,000,0000,8,邱秀芬,16,2,,48,,高中,N, , 
68,000,06,000,0000,9,李洋宇,999,1,,30,,大學,N, , 
68,000,06,000,0000,10,陳治文,16,2,,44,,碩士,N,*, 
68,000,07,000,0000,1,邱奕勝,1,1,,54,,碩士,N,*, 
68,000,07,000,0000,2,賴立竹,90,1,,35,,大學,N, , 
68,000,07,000,0000,3,謝偉孝,999,1,,37,,高中,N, , 
68,000,07,000,0000,4,黃傅淑香,16,2,,56,,高中,N,*, 
68,000,07,000,0000,5,劉安祺,999,1,,43,,其他,N, , 
68,000,07,000,0000,6,吳正群,74,1,,54,,碩士,N, , 
68,000,07,000,0000,7,彭俊豪,16,1,,32,,碩士,N,*, 
68,000,07,000,0000,8,張運炳,999,1,,59,,專科,N,*, 
68,000,07,000,0000,9,劉曾玉春,999,2,,59,,高中,N,*, 
68,000,07,000,0000,10,沐平波,1,2,,61,,碩士,N, , 
68,000,07,000,0000,11,葉明月,1,2,,53,,大學,N,*, 
68,000,07,000,0000,12,徐景文,16,1,,52,,碩士,N, , 
68,000,07,000,0000,13,梁新武,999,1,,59,,大學,N, , 
68,000,07,000,0000,14,葉鄭秀蘋,999,2,,56,,高中,N, , 
68,000,07,000,0000,15,蔣中千,106,1,,58,,專科,N, , 
68,000,07,000,0000,16,王浩宇,79,1,,26,,大學,N,*, 
68,000,07,000,0000,17,黃治東,95,1,,54,,其他,N, , 
68,000,07,000,0000,18,魯明哲,1,1,,50,,碩士,N,*, 
68,000,07,000,0000,19,彭秀涵,999,2,,51,,高中,N, , 
68,000,07,000,0000,20,袁明星,16,1,,52,,大學,N,*, 
68,000,07,000,0000,21,劉威德,999,1,,55,,高中,N, , 
68,000,07,000,0000,22,梁為超,1,1,,40,,碩士,N,*, 
68,000,08,000,0000,1,羅文欽,999,1,,44,,碩士,N, , 
68,000,08,000,0000,2,劉仁照,16,1,,33,,大學,N,*, 
68,000,08,000,0000,3,謝彰文,1,2,,56,,碩士,N,*, 
68,000,08,000,0000,4,黃敬平,1,1,,41,,碩士,N,*, 
68,000,08,000,0000,5,舒翠玲,1,2,,50,,碩士,N,*, 
68,000,08,000,0000,6,陳萬得,1,1,,61,,碩士,N, , 
68,000,08,000,0000,7,劉邦鉉,999,1,,46,,碩士,N, , 
68,000,08,000,0000,8,楊家俍,16,1,,34,,碩士,N,*, 
68,000,08,000,0000,9,陳志偉,16,1,,52,,專科,N, , 
68,000,08,000,0000,10,莊訓基,90,1,,64,,專科,N, , 
68,000,08,000,0000,11,莊玉光,999,1,,63,,高中,N, , 
68,000,08,000,0000,12,黃國華,202,1,,45,,高中,N, , 
68,000,08,000,0000,13,黃李月琴,999,2,,54,,碩士,N, , 
68,000,08,000,0000,14,王珮毓,999,2,,32,,碩士,N, , 
68,000,08,000,0000,15,湯琳翔,79,1,,28,,大學,N, , 
68,000,08,000,0000,16,張若彤,999,1,,37,,大學,N, , 
68,000,08,000,0000,17,陳章程,999,1,,39,,大學,N, , 
68,000,08,000,0000,18,莊玉輝,999,1,,55,,大學,N,*, 
68,000,08,000,0000,19,林德忠,999,1,,53,,大學,N, , 
68,000,09,000,0000,1,姜水浪,166,1,,57,,專科,N, , 
68,000,09,000,0000,2,周玉琴,1,2,,56,,碩士,N,*, 
68,000,09,000,0000,3,林羅春,999,1,,61,,高中,N, , 
68,000,09,000,0000,4,李家興,1,1,,57,,高中,N,*, 
68,000,09,000,0000,5,陳賴素美,16,2,,50,,大學,N,*, 
68,000,09,000,0000,6,陳秀玲,999,2,,53,,高中,N, , 
68,000,09,000,0000,7,張火爐,16,1,,56,,高中,N,*, 
68,000,09,000,0000,8,彭基原,999,1,,52,,碩士,N, , 
68,000,10,000,0000,1,黃榮煥,999,1,,58,,其他,N, , 
68,000,10,000,0000,2,劉熒隆,999,1,,41,,大學,N, , 
68,000,10,000,0000,3,林鴻斌,999,1,,50,,大學,N, , 
68,000,10,000,0000,4,張肇良,16,1,,50,,大學,N,*, 
68,000,10,000,0000,5,廖威森,999,1,,43,,大學,N, , 
68,000,10,000,0000,6,游良福,999,1,,52,,博士,N, , 
68,000,10,000,0000,7,徐玉樹,1,1,,50,,大學,N,*, 
68,000,10,000,0000,8,羅銀珍,999,2,,58,,專科,N, , 
68,000,10,000,0000,9,閻中傑,1,1,,58,,大學,N,*, 
68,000,11,000,0000,1,邱佳亮,999,1,,46,,專科,N,*, 
68,000,11,000,0000,2,陳睿生,16,1,,33,,碩士,N, , 
68,000,12,000,0000,1,吳宗憲,1,1,,55,,高中,N, , 
68,000,12,000,0000,2,郭榮宗,16,1,,60,,博士,N,*, 
68,000,12,000,0000,3,廖薛文,999,1,,61,,高中,N, , 
68,000,12,000,0000,4,歐炳辰,999,1,,57,,高中,N,*, 
66,000,01,000,0000,1,吳鶴鵬,999,1,,58,,高中,N, , 
66,000,01,000,0000,2,吳敏濟,16,1,,58,,碩士,Y,*, 
66,000,01,000,0000,3,李榮鴻,1,1,,65,,高中,Y,*, 
66,000,01,000,0000,4,林素眞,999,2,,55,,高中,N, , 
66,000,01,000,0000,5,楊永昌,1,1,,62,,碩士,Y,*, 
66,000,02,000,0000,1,王立任,16,1,,45,,大學,N,*, 
66,000,02,000,0000,2,顏莉敏,1,2,,30,,大學,N,*, 
66,000,02,000,0000,3,陳廷秀,999,1,,52,,碩士,N, , 
66,000,02,000,0000,4,張清照,1,1,,51,,高中,N,*, 
66,000,02,000,0000,5,程凱力,90,1,,53,,大學,N, , 
66,000,02,000,0000,6,陳詩哲,999,1,,72,,高中,Y, , 
66,000,02,000,0000,7,陳年添,95,1,,62,,大學,N, , 
66,000,02,000,0000,8,楊典忠,16,1,,54,,博士,Y,*, 
66,000,02,000,0000,9,尤碧鈴,999,2,,65,,大學,Y,*, 
66,000,03,000,0000,1,劉淑蘭,16,2,,63,,高中,N, , 
66,000,03,000,0000,2,吳瓊華,1,2,,44,,碩士,Y,*, 
66,000,03,000,0000,3,林汝洲,1,1,,51,,碩士,Y,*, 
66,000,03,000,0000,4,陳世凱,16,1,,37,,大學,Y,*, 
66,000,03,000,0000,5,張正興,999,1,,46,,碩士,N, , 
66,000,03,000,0000,6,黃錫嘉,999,1,,56,,高中,Y,*, 
66,000,03,000,0000,7,林士昌,1,1,,59,,高中,Y,*, 
66,000,04,000,0000,1,陳清龍,999,1,,49,,碩士,Y,*, 
66,000,04,000,0000,2,翁美春,16,2,,51,,高中,Y,*, 
66,000,04,000,0000,3,謝志忠,16,1,,45,,碩士,Y,*, 
66,000,04,000,0000,4,王朝坤,999,1,,58,,其他,N, , 
66,000,04,000,0000,5,張瀞分,1,2,,71,,高中,N,*, 
66,000,04,000,0000,6,吳富亭,95,1,,55,,高中,N, , 
66,000,04,000,0000,7,陳本添,1,1,,57,,大學,Y,*, 
66,000,05,000,0000,1,張雅旻,16,2,,37,,碩士,N,*, 
66,000,05,000,0000,2,羅永珍,1,2,,62,,其他,Y,*, 
66,000,05,000,0000,3,吳顯森,1,1,,55,,碩士,Y,*, 
66,000,05,000,0000,4,張立傑,999,1,,69,,大學,N,*, 
66,000,05,000,0000,5,林竹旺,999,1,,53,,專科,N, , 
66,000,05,000,0000,6,蕭隆澤,16,1,,54,,高中,Y,*, 
66,000,05,000,0000,7,賴朝國,1,1,,51,,高中,Y,*, 
66,000,05,000,0000,8,許水彬,16,1,,58,,專科,Y, , 
66,000,05,000,0000,9,廖述鎮,16,1,,62,,高中,Y, , 
66,000,06,000,0000,1,張廖乃綸,1,2,,36,,大學,Y,*, 
66,000,06,000,0000,2,張廖萬堅,16,1,,49,,大學,Y,*, 
66,000,06,000,0000,3,黃馨慧,1,2,,58,,碩士,Y,*, 
66,000,06,000,0000,4,楊正中,1,1,,60,,大學,Y,*, 
66,000,06,000,0000,5,李孝儒,16,1,,38,,大學,N, , 
66,000,06,000,0000,6,吳春夏,999,1,,60,,碩士,N, , 
66,000,06,000,0000,7,蔡智豪,999,1,,41,,碩士,N, , 
66,000,06,000,0000,8,陳淑華,16,2,,43,,大學,Y,*, 
66,000,07,000,0000,1,黃淑芬,999,2,,50,,碩士,N, , 
66,000,07,000,0000,2,朱暖英,1,2,,48,,大學,Y,*, 
66,000,07,000,0000,3,陳三井,90,1,,63,,碩士,N, , 
66,000,07,000,0000,4,江慶洲,999,1,,42,,大學,N, , 
66,000,07,000,0000,5,劉士州,1,1,,52,,大學,Y,*, 
66,000,07,000,0000,6,黃聖硯,95,2,,52,,高中,N, , 
66,000,07,000,0000,7,張耀中,16,1,,52,,大學,Y,*, 
66,000,07,000,0000,8,丁振嘉,1,1,,58,,碩士,N, , 
66,000,07,000,0000,9,何文海,16,1,,56,,高中,Y,*, 
66,000,08,000,0000,1,沈佑蓮,1,2,,55,,專科,Y,*, 
66,000,08,000,0000,2,謝明源,16,1,,62,,大學,N,*, 
66,000,08,000,0000,3,邱于珊,90,2,,52,,高中,N, , 
66,000,08,000,0000,4,蔡雅玲,16,2,,37,,碩士,Y,*, 
66,000,08,000,0000,5,張烱春,95,1,,49,,專科,N, , 
66,000,08,000,0000,6,賴順仁,1,1,,45,,碩士,Y,*, 
66,000,08,000,0000,7,陳成添,1,1,,51,,專科,Y,*, 
66,000,08,000,0000,8,曾朝榮,16,1,,53,,碩士,Y,*, 
66,000,09,000,0000,1,陳天汶,1,1,,70,,碩士,Y, , 
66,000,09,000,0000,2,范淞育,16,1,,53,,碩士,N,*, 
66,000,09,000,0000,3,陳政顯,1,1,,51,,碩士,N,*, 
66,000,09,000,0000,4,林忠勝,209,1,,61,,其他,N, , 
66,000,09,000,0000,5,李涵芸,259,2,,23,,大學,N, , 
66,000,09,000,0000,6,賴佳微,16,2,,32,,大學,Y,*, 
66,000,10,000,0000,1,張宏年,1,1,,62,,碩士,Y,*, 
66,000,10,000,0000,2,張博威,90,1,,48,,專科,N, , 
66,000,10,000,0000,3,葉春幸,999,2,,48,,大學,N, , 
66,000,10,000,0000,4,黃國書,16,1,,50,,碩士,Y,*, 
66,000,10,000,0000,5,洪嘉鴻,1,1,,55,,碩士,Y, , 
66,000,10,000,0000,6,江肇國,16,1,,37,,碩士,N,*, 
66,000,11,000,0000,1,賴建豪,999,1,,33,,碩士,N, , 
66,000,11,000,0000,2,鄭功進,16,1,,53,,專科,N,*, 
66,000,11,000,0000,3,李中,1,1,,55,,大學,Y,*, 
66,000,11,000,0000,4,邱素貞,16,2,,60,,高中,Y,*, 
66,000,11,000,0000,5,何敏誠,16,1,,59,,高中,Y,*, 
66,000,11,000,0000,6,林珮涵,1,2,,49,,大學,Y, , 
66,000,11,000,0000,7,顏妏眞,1,2,,40,,大學,N, , 
66,000,11,000,0000,8,廖興生,90,1,,55,,碩士,N, , 
66,000,11,000,0000,9,蕭良材,999,1,,45,,碩士,N, , 
66,000,12,000,0000,1,何明杰,16,1,,39,,碩士,Y,*, 
66,000,12,000,0000,2,賴義鍠,999,1,,47,,碩士,Y,*, 
66,000,12,000,0000,3,吳品儀,999,2,,35,,大學,N, , 
66,000,12,000,0000,4,張玉嬿,16,2,,33,,大學,N,*, 
66,000,12,000,0000,5,李麗華,1,2,,61,,碩士,Y,*, 
66,000,12,000,0000,6,陳展群,1,1,,51,,專科,N, , 
66,000,12,000,0000,7,李昆霖,999,1,,56,,專科,N, , 
66,000,13,000,0000,1,林志憲,999,1,,38,,碩士,N, , 
66,000,13,000,0000,2,謝賢,16,1,,37,,大學,N, , 
66,000,13,000,0000,3,段緯宇,90,1,,59,,碩士,Y,*, 
66,000,13,000,0000,4,江勝雄,999,1,,74,,高中,Y, , 
66,000,13,000,0000,5,劉錦和,16,1,,57,,高中,Y, , 
66,000,13,000,0000,6,張芬郁,16,2,,56,,大學,N,*, 
66,000,13,000,0000,7,李天生,16,1,,53,,專科,Y,*, 
66,000,13,000,0000,8,張滄沂,999,1,,54,,其他,Y,*, 
66,000,13,000,0000,9,蔡黃金雀,999,2,,62,,專科,N, , 
66,000,13,000,0000,10,林碧秀,1,2,,59,,碩士,N,*, 
66,000,13,000,0000,11,蘇柏興,1,1,,41,,碩士,N,*, 
66,000,13,000,0000,12,林明正,95,1,,62,,高中,N, , 
66,000,14,000,0000,1,蔡成圭,16,1,,54,,其他,Y,*, 
66,000,14,000,0000,2,蘇慶雲,1,1,,62,,高中,Y,*, 
66,000,14,000,0000,3,冉齡軒,1,2,,48,,專科,N, , 
67,000,01,000,0000,1,劉米山,16,1,,49,,碩士,N, , 
67,000,01,000,0000,2,張世賢,1,1,,61,,高中,Y,*, 
67,000,01,000,0000,3,賴美惠,16,2,,56,,大學,Y,*, 
67,000,02,000,0000,1,趙昆原,999,1,,58,,高中,Y,*, 
67,000,02,000,0000,2,顏進仕,999,1,,55,,高中,N, , 
67,000,02,000,0000,3,陳佳琪,999,2,,56,,高中,N, , 
67,000,02,000,0000,4,賴惠員,16,2,,53,,碩士,Y,*, 
67,000,02,000,0000,5,蔡育輝,1,1,,55,,碩士,Y,*, 
67,000,02,000,0000,6,李退之,16,1,,43,,碩士,Y,*, 
67,000,03,000,0000,1,侯澄財,16,1,,70,,高中,Y,*, 
67,000,03,000,0000,2,陳進財,1,1,,64,,高中,N, , 
67,000,03,000,0000,3,謝財旺,999,1,,52,,大學,Y,*, 
67,000,04,000,0000,1,楊麗玉,16,2,,56,,碩士,Y, , 
67,000,04,000,0000,2,吳通龍,16,1,,58,,大學,Y,*, 
67,000,04,000,0000,3,陳文賢,16,1,,70,,高中,Y,*, 
67,000,04,000,0000,4,郭秀珠,999,2,,55,,高中,Y,*, 
67,000,04,000,0000,5,尤榮智,1,1,,62,,專科,N, , 
67,000,05,000,0000,1,余榮和,999,1,,57,,大學,N, , 
67,000,05,000,0000,2,蔡蘇秋金,16,2,,53,,大學,Y,*, 
67,000,05,000,0000,3,陳朝來,16,1,,61,,專科,Y,*, 
67,000,05,000,0000,4,方一峰,1,1,,50,,專科,N, , 
67,000,05,000,0000,5,蔡秋蘭,16,2,,56,,大學,Y,*, 
67,000,06,000,0000,1,林志展,999,1,,49,,其他,N,*, 
67,000,06,000,0000,2,李文俊,1,1,,55,,大學,Y, , 
67,000,06,000,0000,3,梁順發,16,1,,59,,高中,Y,*, 
67,000,07,000,0000,1,林全忠,1,1,,60,,大學,Y,*, 
67,000,07,000,0000,2,姚溪海,999,1,,69,,高中,N, , 
67,000,07,000,0000,3,林志聰,16,1,,40,,大學,Y,*, 
67,000,08,000,0000,1,李全教,1,1,,54,,博士,N,*, 
67,000,08,000,0000,2,王峻潭,16,1,,60,,高中,Y, , 
67,000,09,000,0000,1,施重男,999,1,,71,,其他,Y, , 
67,000,09,000,0000,2,陳秋萍,16,2,,49,,大學,Y,*, 
67,000,09,000,0000,3,李崇智,999,1,,50,,碩士,N, , 
67,000,09,000,0000,4,郭國文,16,1,,47,,碩士,Y,*, 
67,000,09,000,0000,5,林慶鎭,999,1,,56,,大學,Y,*, 
67,000,09,000,0000,6,王敏星,1,1,,49,,碩士,N, , 
67,000,09,000,0000,7,楊中成,95,1,,56,,大學,N,*, 
67,000,09,000,0000,8,李坤煌,1,1,,62,,碩士,Y,*, 
67,000,09,000,0000,9,林燕祝,1,2,,49,,碩士,Y,*, 
67,000,09,000,0000,10,林宜瑾,16,2,,45,,碩士,Y,*, 
67,000,09,000,0000,11,林阳乙,999,1,,53,,大學,N,*, 
67,000,10,000,0000,1,劉益昌,95,1,,58,,高中,N, , 
67,000,10,000,0000,2,王錦德,16,1,,57,,大學,Y,*, 
67,000,10,000,0000,3,黃麗招,1,2,,57,,其他,Y, , 
67,000,10,000,0000,4,林炳利,999,1,,52,,高中,Y,*, 
67,000,10,000,0000,5,唐儀靜,16,2,,38,,碩士,N, , 
67,000,10,000,0000,6,陳進義,999,1,,58,,大學,N, , 
67,000,10,000,0000,7,郭信良,16,1,,51,,大學,Y,*, 
67,000,10,000,0000,8,郭清華,16,1,,52,,專科,Y,*, 
67,000,10,000,0000,9,李中岑,1,2,,29,,碩士,N,*, 
67,000,11,000,0000,1,陳怡珍,16,2,,33,,大學,Y,*, 
67,000,11,000,0000,2,陳麗真,1,2,,50,,大學,N, , 
67,000,11,000,0000,3,唐碧娥,16,2,,54,,大學,Y,*, 
67,000,11,000,0000,4,許至椿,1,1,,54,,碩士,Y,*, 
67,000,11,000,0000,5,李宗富,999,1,,47,,專科,N, , 
67,000,11,000,0000,6,謝龍介,1,1,,53,,碩士,N,*, 
67,000,12,000,0000,1,洪玉鳳,1,2,,65,,碩士,Y,*, 
67,000,12,000,0000,2,邱莉莉,16,2,,51,,碩士,Y,*, 
67,000,13,000,0000,1,盧崑福,1,1,,49,,大學,Y,*, 
67,000,13,000,0000,2,李文正,16,1,,55,,其他,Y,*, 
67,000,14,000,0000,1,陳昌輝,95,1,,41,,碩士,N, , 
67,000,14,000,0000,2,陸美祈,16,2,,43,,碩士,Y,*, 
67,000,14,000,0000,3,陳金鐘,16,1,,54,,碩士,N,*, 
67,000,14,000,0000,4,曾培雅,1,2,,55,,大學,Y,*, 
67,000,14,000,0000,5,潘靜竹,259,2,,59,,專科,N, , 
67,000,14,000,0000,6,王家貞,1,2,,57,,大學,N,*, 
67,000,14,000,0000,7,蔡旺詮,16,1,,46,,碩士,Y,*, 
67,000,14,000,0000,8,曾順良,999,1,,58,,專科,Y,*, 
67,000,14,000,0000,9,陳文科,1,1,,55,,大學,Y, , 
67,000,15,000,0000,1,蔡淑惠,1,2,,47,,大學,Y,*, 
67,000,15,000,0000,2,周明德,16,1,,60,,專科,N, , 
67,000,15,000,0000,3,林美燕,1,2,,55,,大學,Y,*, 
67,000,15,000,0000,4,陳進益,999,1,,60,,大學,Y, , 
67,000,15,000,0000,5,莊玉珠,16,2,,54,,專科,Y,*, 
67,000,15,000,0000,6,呂維胤,16,1,,33,,碩士,N,*, 
67,000,16,000,0000,1,劉正昌,16,1,,58,,專科,N,*, 
67,000,16,000,0000,2,杜素吟,999,2,,58,,大學,Y,*, 
67,000,16,000,0000,3,張伯祿,999,1,,56,,其他,Y,*, 
67,000,16,000,0000,4,吳禹寰,999,1,,34,,碩士,N, , 
67,000,16,000,0000,5,曾王雅雲,16,2,,52,,碩士,Y,*, 
67,000,16,000,0000,6,徐萬仲,1,1,,63,,專科,N, , 
67,000,16,000,0000,7,陳特清,999,1,,57,,專科,Y,*, 
64,000,01,000,0000,1,劉馨正,1,1,,60,,碩士,N,*, 
64,000,01,000,0000,2,鍾惠美,999,2,,47,,大學,N, , 
64,000,01,000,0000,3,林富寶,16,1,,59,,大學,Y,*, 
64,000,01,000,0000,4,蕭育穎,16,2,,35,,碩士,N, , 
64,000,01,000,0000,5,鍾盛有,999,1,,62,,其他,Y,*, 
64,000,02,000,0000,1,張文瑞,16,1,,64,,高中,Y,*, 
64,000,02,000,0000,2,陳明澤,16,1,,51,,碩士,Y,*, 
64,000,02,000,0000,3,蘇琦莉,1,2,,37,,碩士,Y, , 
64,000,02,000,0000,4,李長生,1,1,,58,,專科,Y,*, 
64,000,03,000,0000,1,曾水文,95,1,,54,,專科,N, , 
64,000,03,000,0000,2,陸淑美,1,2,,52,,碩士,Y,*, 
64,000,03,000,0000,3,方信淵,1,1,,49,,碩士,Y,*, 
64,000,03,000,0000,4,盧文峯,999,1,,55,,高中,N, , 
64,000,03,000,0000,5,陳政聞,16,1,,37,,碩士,Y,*, 
64,000,03,000,0000,6,蔡金河,1,1,,59,,碩士,N, , 
64,000,03,000,0000,7,高閔琳,16,2,,32,,碩士,N,*, 
64,000,03,000,0000,8,翁瑞珠,16,2,,64,,高中,Y,*, 
64,000,04,000,0000,1,李眉蓁,1,2,,35,,碩士,Y,*, 
64,000,04,000,0000,2,林瑩蓉,16,2,,49,,碩士,Y,*, 
64,000,04,000,0000,3,周鍾,1,1,,59,,碩士,Y,*, 
64,000,04,000,0000,4,柳淑芳,999,2,,54,,高中,N, , 
64,000,04,000,0000,5,藍星木,1,1,,66,,其他,Y, , 
64,000,04,000,0000,6,黃石龍,106,1,,60,,碩士,Y,*, 
64,000,04,000,0000,7,張豐藤,16,1,,53,,博士,Y,*, 
64,000,04,000,0000,8,陳麗珍,1,2,,48,,碩士,Y,*, 
64,000,04,000,0000,9,李柏毅,16,1,,37,,碩士,N,*, 
64,000,04,000,0000,10,陳玫娟,1,2,,51,,碩士,Y,*, 
64,000,04,000,0000,11,何樹勳,74,1,,34,,大學,N, , 
64,000,04,000,0000,12,黃若桓,999,1,,26,,大學,N, , 
64,000,05,000,0000,1,何堅心,999,1,,67,,高中,N, , 
64,000,05,000,0000,2,葉進國,999,1,,60,,其他,N, , 
64,000,05,000,0000,3,許慧玉,1,2,,47,,碩士,Y,*, 
64,000,05,000,0000,4,林芳如,16,2,,46,,大學,Y,*, 
64,000,05,000,0000,5,張勝富,16,1,,42,,大學,N,*, 
64,000,05,000,0000,6,吳利成,1,1,,45,,碩士,Y, , 
64,000,05,000,0000,7,王慧玲,999,2,,41,,碩士,N, , 
64,000,05,000,0000,8,邱俊憲,16,1,,32,,碩士,N,*, 
64,000,05,000,0000,9,沈英章,16,1,,60,,專科,N,*, 
64,000,06,000,0000,1,簡煥宗,16,1,,41,,碩士,N,*, 
64,000,06,000,0000,2,連立堅,16,1,,50,,碩士,Y, , 
64,000,06,000,0000,3,蔡金晏,1,1,,36,,博士,Y,*, 
64,000,06,000,0000,4,劉哲宇,999,1,,25,,大學,N, , 
64,000,06,000,0000,5,李喬如,16,2,,57,,碩士,Y,*, 
64,000,06,000,0000,6,陳美雅,1,2,,44,,碩士,Y,*, 
64,000,06,000,0000,7,陳冠銘,95,1,,37,,大學,N, , 
64,000,06,000,0000,8,郭美伶,999,2,,43,,高中,N, , 
64,000,07,000,0000,1,鄭新助,999,1,,73,,其他,Y,*, 
64,000,07,000,0000,2,黃香菽,1,2,,33,,專科,N,*, 
64,000,07,000,0000,3,梁益誌,79,1,,32,,碩士,N, , 
64,000,07,000,0000,4,黃永富,90,1,,54,,大學,N, , 
64,000,07,000,0000,5,童燕珍,1,2,,61,,碩士,Y, , 
64,000,07,000,0000,6,林家慶,999,1,,34,,專科,N, , 
64,000,07,000,0000,7,黃柏霖,1,1,,47,,碩士,Y,*, 
64,000,07,000,0000,8,曾俊傑,1,1,,38,,大學,Y,*, 
64,000,07,000,0000,9,洪平朗,16,1,,59,,大學,Y, , 
64,000,07,000,0000,10,張美瑛,999,2,,52,,大學,N, , 
64,000,07,000,0000,11,林進興,16,1,,61,,博士,N, , 
64,000,07,000,0000,12,何權峰,16,1,,34,,大學,N,*, 
64,000,07,000,0000,13,林武忠,16,1,,59,,碩士,Y,*, 
64,000,07,000,0000,14,郭國志,999,1,,66,,專科,N, , 
64,000,07,000,0000,15,康裕成,16,2,,58,,碩士,Y,*, 
64,000,07,000,0000,16,黃淑美,95,2,,55,,碩士,Y,*, 
64,000,08,000,0000,1,黃紹庭,1,1,,44,,碩士,N,*, 
64,000,08,000,0000,2,郭建盟,16,1,,44,,碩士,Y,*, 
64,000,08,000,0000,3,吳益政,90,1,,51,,碩士,Y,*, 
64,000,08,000,0000,4,許崑源,1,1,,57,,高中,Y,*, 
64,000,08,000,0000,5,王芳萍,199,2,,48,,碩士,N, , 
64,000,08,000,0000,6,蕭永達,16,1,,49,,碩士,Y,*, 
64,000,08,000,0000,7,楊定國,95,1,,52,,碩士,N, , 
64,000,08,000,0000,8,周玲妏,16,2,,46,,大學,Y,*, 
64,000,08,000,0000,9,陳若翠,1,2,,45,,碩士,N, , 
64,000,09,000,0000,1,楊承翰,999,1,,27,,大學,N, , 
64,000,09,000,0000,2,徐榮延,106,1,,65,,碩士,Y, , 
64,000,09,000,0000,3,鄭復華,90,2,,52,,專科,N, , 
64,000,09,000,0000,4,羅鼎城,16,1,,38,,碩士,N,*, 
64,000,09,000,0000,5,陳慧芬,95,2,,44,,大學,N, , 
64,000,09,000,0000,6,張漢忠,16,1,,61,,高中,Y,*, 
64,000,09,000,0000,7,蘇炎城,16,1,,62,,專科,Y, , 
64,000,09,000,0000,8,李政憲,999,1,,58,,高中,N, , 
64,000,09,000,0000,9,楊見福,999,1,,61,,其他,N,*, 
64,000,09,000,0000,10,羅章福,999,1,,53,,高中,N, , 
64,000,09,000,0000,11,陳慧文,16,2,,40,,碩士,Y,*, 
64,000,09,000,0000,12,劉德林,1,1,,53,,大學,Y,*, 
64,000,09,000,0000,13,郭素桃,999,2,,57,,大學,N, , 
64,000,09,000,0000,14,林景元,999,1,,89,,專科,N, , 
64,000,09,000,0000,15,陳粹鑾,1,2,,47,,專科,Y,*, 
64,000,09,000,0000,16,張育華,199,2,,50,,碩士,N, , 
64,000,09,000,0000,17,李雅靜,1,2,,36,,碩士,Y,*, 
64,000,09,000,0000,18,顏曉菁,16,2,,40,,碩士,Y,*, 
64,000,10,000,0000,1,王聖仁,16,1,,54,,高中,N,*, 
64,000,10,000,0000,2,陳信瑜,16,2,,46,,碩士,Y,*, 
64,000,10,000,0000,3,鄭光峰,16,1,,48,,碩士,Y,*, 
64,000,10,000,0000,4,李順進,106,1,,56,,碩士,Y,*, 
64,000,10,000,0000,5,林宛蓉,16,2,,54,,碩士,Y,*, 
64,000,10,000,0000,6,蔡武宏,1,1,,36,,大學,N, , 
64,000,10,000,0000,7,陳麗娜,1,2,,44,,大學,Y,*, 
64,000,10,000,0000,8,陳信諭,999,1,,26,,大學,N, , 
64,000,10,000,0000,9,蕭吉男,95,1,,37,,碩士,N, , 
64,000,10,000,0000,10,曾麗燕,1,2,,61,,碩士,Y,*, 
64,000,10,000,0000,11,吳銘賜,16,1,,48,,專科,N,*, 
64,000,11,000,0000,1,李雨庭,16,2,,41,,高中,N,!, 
64,000,11,000,0000,2,洪秀錦,1,2,,53,,高中,Y, , 
64,000,11,000,0000,3,徐瑀岑,999,2,,33,,大學,N, , 
64,000,11,000,0000,4,韓賜村,16,1,,55,,碩士,Y,-0, 
64,000,11,000,0000,5,黃天煌,1,1,,52,,專科,Y,*, 
64,000,11,000,0000,6,王耀裕,1,1,,53,,碩士,N,*, 
64,000,11,000,0000,7,蔡昌達,16,1,,44,,碩士,Y,*, 
64,000,11,000,0000,8,張禾宜,95,2,,55,,碩士,N, , 
